Date,HomeTeam,AwayTeam,FTHG,FTAG,FTR,HTHG,HTAG,HTR,HS,AS,HST,AST,HY,AY,HR,AR,Season,TotalGoals,TotalYellows,TotalReds,GoalsOver25
2021-08-13,Brentford,Arsenal,2,0,H,1,0,H,8,22,3,4,0,0,0,0,2021-22,2,0,0,0
2021-08-14,Man United,Leeds,5,1,H,1,0,H,16,10,8,3,1,2,0,0,2021-22,6,3,0,1
2021-08-14,Burnley,Brighton,1,2,A,1,0,H,14,14,3,8,2,1,0,0,2021-22,3,3,0,1
2021-08-14,Chelsea,Crystal Palace,3,0,H,2,0,H,13,4,6,1,0,0,0,0,2021-22,3,0,0,1
2021-08-14,Everton,Southampton,3,1,H,0,1,A,14,6,6,3,2,0,0,0,2021-22,4,2,0,1
2021-08-14,Leicester,Wolves,1,0,H,1,0,H,9,17,5,3,1,2,0,0,2021-22,1,3,0,0
2021-08-14,Watford,Aston Villa,3,2,H,2,0,H,13,11,7,2,3,1,0,0,2021-22,5,4,0,1
2021-08-14,Norwich,Liverpool,0,3,A,0,1,A,14,19,3,8,1,1,0,0,2021-22,3,2,0,1
2021-08-15,Newcastle,West Ham,2,4,A,2,1,H,17,8,3,9,1,0,0,0,2021-22,6,1,0,1
2021-08-15,Tottenham,Man City,1,0,H,0,0,D,13,18,3,4,2,1,0,0,2021-22,1,3,0,0
2021-08-21,Brighton,Watford,2,0,H,2,0,H,13,10,3,1,4,0,0,0,2021-22,2,4,0,0
2021-08-21,Man City,Norwich,5,0,H,2,0,H,16,1,4,0,1,0,0,0,2021-22,5,1,0,1
2021-08-21,Leeds,Everton,2,2,D,1,1,D,17,17,4,8,2,4,0,0,2021-22,4,6,0,1
2021-08-21,Aston Villa,Newcastle,2,0,H,1,0,H,10,9,2,1,3,4,0,0,2021-22,2,7,0,0
2021-08-21,Liverpool,Burnley,2,0,H,1,0,H,27,9,9,3,0,0,0,0,2021-22,2,0,0,0
2021-08-21,Crystal Palace,Brentford,0,0,D,0,0,D,7,14,2,3,3,1,0,0,2021-22,0,4,0,0
2021-08-22,Southampton,Man United,1,1,D,1,0,H,8,15,3,4,2,3,0,0,2021-22,2,5,0,0
2021-08-22,Wolves,Tottenham,0,1,A,0,1,A,25,8,6,6,1,4,0,0,2021-22,1,5,0,0
2021-08-22,Arsenal,Chelsea,0,2,A,0,2,A,6,22,3,5,3,0,0,0,2021-22,2,3,0,0
2021-08-23,West Ham,Leicester,4,1,H,1,0,H,13,5,7,1,0,1,0,1,2021-22,5,1,1,1
2021-08-28,West Ham,Crystal Palace,2,2,D,1,0,H,14,9,4,2,1,0,0,0,2021-22,4,1,0,1
2021-08-28,Liverpool,Chelsea,1,1,D,1,1,D,24,6,7,3,0,2,0,1,2021-22,2,2,1,0
2021-08-28,Norwich,Leicester,1,2,A,1,1,D,14,9,4,3,2,1,0,0,2021-22,3,3,0,1
2021-08-28,Aston Villa,Brentford,1,1,D,1,1,D,7,9,5,2,3,3,0,0,2021-22,2,6,0,0
2021-08-28,Brighton,Everton,0,2,A,0,1,A,14,14,3,5,1,2,0,0,2021-22,2,3,0,0
2021-08-28,Man City,Arsenal,5,0,H,3,0,H,25,1,10,0,1,2,0,1,2021-22,5,3,1,1
2021-08-28,Newcastle,Southampton,2,2,D,0,0,D,10,22,5,6,3,3,0,0,2021-22,4,6,0,1
2021-08-29,Burnley,Leeds,1,1,D,0,0,D,12,12,3,2,4,3,0,0,2021-22,2,7,0,0
2021-08-29,Tottenham,Watford,1,0,H,1,0,H,15,9,8,2,3,3,0,0,2021-22,1,6,0,0
2021-08-29,Wolves,Man United,0,1,A,0,0,D,15,10,6,3,3,4,0,0,2021-22,1,7,0,0
2021-09-11,Chelsea,Aston Villa,3,0,H,1,0,H,12,18,4,6,1,4,0,0,2021-22,3,5,0,1
2021-09-11,Watford,Wolves,0,2,A,0,0,D,6,14,2,5,3,3,0,0,2021-22,2,6,0,0
2021-09-11,Southampton,West Ham,0,0,D,0,0,D,11,13,3,3,3,1,0,1,2021-22,0,4,1,0
2021-09-11,Man United,Newcastle,4,1,H,1,0,H,21,12,7,3,1,0,0,0,2021-22,5,1,0,1
2021-09-11,Leicester,Man City,0,1,A,0,0,D,6,25,1,8,1,2,0,0,2021-22,1,3,0,0
2021-09-11,Arsenal,Norwich,1,0,H,0,0,D,30,10,7,1,1,2,0,0,2021-22,1,3,0,0
2021-09-11,Crystal Palace,Tottenham,3,0,H,0,0,D,18,2,4,1,2,1,0,1,2021-22,3,3,1,1
2021-09-11,Brentford,Brighton,0,1,A,0,0,D,7,4,1,2,3,2,0,0,2021-22,1,5,0,0
2021-09-12,Leeds,Liverpool,0,3,A,0,1,A,9,30,4,9,2,1,1,0,2021-22,3,3,1,1
2021-09-13,Everton,Burnley,3,1,H,0,0,D,14,11,6,6,1,1,0,0,2021-22,4,2,0,1
2021-09-17,Newcastle,Leeds,1,1,D,1,1,D,17,22,7,9,2,2,0,0,2021-22,2,4,0,0
2021-09-18,Norwich,Watford,1,3,A,1,1,D,12,12,5,8,1,1,0,0,2021-22,4,2,0,1
2021-09-18,Man City,Southampton,0,0,D,0,0,D,18,10,1,2,0,2,0,0,2021-22,0,2,0,0
2021-09-18,Aston Villa,Everton,3,0,H,0,0,D,15,11,3,1,1,1,0,0,2021-22,3,2,0,1
2021-09-18,Burnley,Arsenal,0,1,A,0,1,A,18,13,3,3,2,1,0,0,2021-22,1,3,0,0
2021-09-18,Liverpool,Crystal Palace,3,0,H,1,0,H,25,13,10,2,3,1,0,0,2021-22,3,4,0,1
2021-09-18,Wolves,Brentford,0,2,A,0,2,A,11,9,0,3,4,2,0,1,2021-22,2,6,1,0
2021-09-19,Brighton,Leicester,2,1,H,1,0,H,12,14,5,3,2,1,0,0,2021-22,3,3,0,1
2021-09-19,West Ham,Man United,1,2,A,1,1,D,13,17,4,10,0,0,0,0,2021-22,3,0,0,1
2021-09-19,Tottenham,Chelsea,0,3,A,0,0,D,8,20,2,10,0,1,0,0,2021-22,3,1,0,1
2021-09-25,Brentford,Liverpool,3,3,D,1,1,D,12,16,4,6,1,1,0,0,2021-22,6,2,0,1
2021-09-25,Leicester,Burnley,2,2,D,1,2,A,22,9,5,3,2,4,0,0,2021-22,4,6,0,1
2021-09-25,Leeds,West Ham,1,2,A,1,0,H,15,20,5,7,3,2,0,0,2021-22,3,5,0,1
2021-09-25,Watford,Newcastle,1,1,D,0,1,A,15,20,4,6,4,3,0,0,2021-22,2,7,0,0
2021-09-25,Man United,Aston Villa,0,1,A,0,0,D,28,7,4,3,2,2,0,0,2021-22,1,4,0,0
2021-09-25,Chelsea,Man City,0,1,A,0,0,D,5,15,0,4,3,2,0,0,2021-22,1,5,0,0
2021-09-25,Everton,Norwich,2,0,H,1,0,H,11,10,4,2,2,3,0,0,2021-22,2,5,0,0
2021-09-26,Southampton,Wolves,0,1,A,0,0,D,18,5,6,3,0,0,0,0,2021-22,1,0,0,0
2021-09-26,Arsenal,Tottenham,3,1,H,3,0,H,12,10,7,4,2,1,0,0,2021-22,4,3,0,1
2021-09-27,Crystal Palace,Brighton,1,1,D,1,0,H,8,8,3,4,2,3,0,0,2021-22,2,5,0,0
2021-10-02,Brighton,Arsenal,0,0,D,0,0,D,21,8,2,2,2,1,0,0,2021-22,0,3,0,0
2021-10-02,Man United,Everton,1,1,D,1,0,H,13,12,6,2,1,1,0,0,2021-22,2,2,0,0
2021-10-02,Burnley,Norwich,0,0,D,0,0,D,14,10,4,2,5,2,0,0,2021-22,0,7,0,0
2021-10-02,Chelsea,Southampton,3,1,H,1,0,H,20,6,9,2,1,3,0,1,2021-22,4,4,1,1
2021-10-02,Leeds,Watford,1,0,H,1,0,H,20,5,4,1,0,3,0,0,2021-22,1,3,0,0
2021-10-02,Wolves,Newcastle,2,1,H,1,1,D,7,8,3,2,0,2,0,0,2021-22,3,2,0,1
2021-10-03,Liverpool,Man City,2,2,D,0,0,D,6,12,4,3,3,3,0,0,2021-22,4,6,0,1
2021-10-03,West Ham,Brentford,1,2,A,0,1,A,18,13,5,6,2,3,0,0,2021-22,3,5,0,1
2021-10-03,Crystal Palace,Leicester,2,2,D,0,2,A,18,9,4,5,2,3,0,0,2021-22,4,5,0,1
2021-10-03,Tottenham,Aston Villa,2,1,H,1,0,H,17,14,8,3,2,1,0,0,2021-22,3,3,0,1
2021-10-16,Watford,Liverpool,0,5,A,0,2,A,6,19,2,8,0,0,0,0,2021-22,5,0,0,1
2021-10-16,Aston Villa,Wolves,2,3,A,0,0,D,14,9,5,4,2,3,0,0,2021-22,5,5,0,1
2021-10-16,Leicester,Man United,4,2,H,1,1,D,22,18,11,6,0,3,0,0,2021-22,6,3,0,1
2021-10-16,Man City,Burnley,2,0,H,1,0,H,15,7,6,2,1,0,0,0,2021-22,2,1,0,0
2021-10-16,Norwich,Brighton,0,0,D,0,0,D,15,11,3,3,3,5,0,0,2021-22,0,8,0,0
2021-10-16,Southampton,Leeds,1,0,H,0,0,D,19,3,5,0,2,3,0,0,2021-22,1,5,0,0
2021-10-16,Brentford,Chelsea,0,1,A,0,1,A,17,5,7,1,1,1,0,0,2021-22,1,2,0,0
2021-10-17,Everton,West Ham,0,1,A,0,0,D,15,16,2,4,0,2,0,0,2021-22,1,2,0,0
2021-10-17,Newcastle,Tottenham,2,3,A,1,3,A,7,14,1,4,4,1,1,0,2021-22,5,5,1,1
2021-10-18,Arsenal,Crystal Palace,2,2,D,1,0,H,17,9,6,6,1,1,0,0,2021-22,4,2,0,1
2021-10-22,Arsenal,Aston Villa,3,1,H,2,0,H,22,10,9,4,2,5,0,0,2021-22,4,7,0,1
2021-10-23,Chelsea,Norwich,7,0,H,3,0,H,23,3,13,1,0,2,0,1,2021-22,7,2,1,1
2021-10-23,Crystal Palace,Newcastle,1,1,D,0,0,D,15,6,3,2,3,4,0,0,2021-22,2,7,0,0
2021-10-23,Everton,Watford,2,5,A,1,1,D,15,20,4,8,4,3,0,0,2021-22,7,7,0,1
2021-10-23,Leeds,Wolves,1,1,D,0,1,A,18,8,4,4,2,3,0,0,2021-22,2,5,0,0
2021-10-23,Southampton,Burnley,2,2,D,1,1,D,16,9,4,5,1,3,0,0,2021-22,4,4,0,1
2021-10-23,Brighton,Man City,1,4,A,0,3,A,10,23,5,14,2,3,0,0,2021-22,5,5,0,1
2021-10-24,Brentford,Leicester,1,2,A,0,1,A,15,10,5,6,1,1,0,0,2021-22,3,2,0,1
2021-10-24,West Ham,Tottenham,1,0,H,0,0,D,13,7,4,4,2,1,0,0,2021-22,1,3,0,0
2021-10-24,Man United,Liverpool,0,5,A,0,4,A,12,19,4,8,6,0,1,0,2021-22,5,6,1,1
2021-10-30,Tottenham,Man United,0,3,A,0,1,A,9,10,0,4,2,3,0,0,2021-22,3,5,0,1
2021-10-30,Watford,Southampton,0,1,A,0,1,A,10,12,4,1,2,2,0,0,2021-22,1,4,0,0
2021-10-30,Newcastle,Chelsea,0,3,A,0,0,D,6,19,1,6,3,2,0,0,2021-22,3,5,0,1
2021-10-30,Man City,Crystal Palace,0,2,A,0,1,A,14,8,3,3,2,3,1,0,2021-22,2,5,1,0
2021-10-30,Liverpool,Brighton,2,2,D,2,1,H,14,9,3,6,2,2,0,0,2021-22,4,4,0,1
2021-10-30,Burnley,Brentford,3,1,H,3,0,H,15,12,6,5,1,1,0,0,2021-22,4,2,0,1
2021-10-30,Leicester,Arsenal,0,2,A,0,2,A,16,9,8,5,2,0,0,0,2021-22,2,2,0,0
2021-10-31,Norwich,Leeds,1,2,A,0,0,D,14,13,3,6,1,4,0,0,2021-22,3,5,0,1
2021-10-31,Aston Villa,West Ham,1,4,A,1,2,A,9,21,3,9,1,2,1,0,2021-22,5,3,1,1
2021-11-01,Wolves,Everton,2,1,H,2,0,H,10,14,4,5,1,1,0,0,2021-22,3,2,0,1
2021-11-05,Southampton,Aston Villa,1,0,H,1,0,H,9,14,3,3,2,2,0,0,2021-22,1,4,0,0
2021-11-06,Brighton,Newcastle,1,1,D,1,0,H,14,6,5,1,3,4,1,0,2021-22,2,7,1,0
2021-11-06,Crystal Palace,Wolves,2,0,H,0,0,D,13,4,6,2,2,1,0,0,2021-22,2,3,0,0
2021-11-06,Chelsea,Burnley,1,1,D,1,0,H,25,5,4,2,1,4,0,0,2021-22,2,5,0,0
2021-11-06,Brentford,Norwich,1,2,A,0,2,A,19,9,7,5,2,3,0,0,2021-22,3,5,0,1
2021-11-06,Man United,Man City,0,2,A,0,2,A,5,16,1,5,1,2,0,0,2021-22,2,3,0,0
2021-11-07,Arsenal,Watford,1,0,H,0,0,D,14,7,6,1,4,2,0,1,2021-22,1,6,1,0
2021-11-07,Everton,Tottenham,0,0,D,0,0,D,12,8,2,0,2,4,1,0,2021-22,0,6,1,0
2021-11-07,Leeds,Leicester,1,1,D,1,1,D,18,9,5,3,1,1,0,0,2021-22,2,2,0,0
2021-11-07,West Ham,Liverpool,3,2,H,1,1,D,7,16,3,5,1,1,0,0,2021-22,5,2,0,1
2021-11-20,Wolves,West Ham,1,0,H,0,0,D,15,8,5,3,1,1,0,0,2021-22,1,2,0,0
2021-11-20,Watford,Man United,4,1,H,2,0,H,20,9,7,3,2,1,0,1,2021-22,5,3,1,1
2021-11-20,Norwich,Southampton,2,1,H,1,1,D,8,17,4,5,3,2,0,0,2021-22,3,5,0,1
2021-11-20,Liverpool,Arsenal,4,0,H,1,0,H,19,5,9,3,2,0,0,0,2021-22,4,2,0,1
2021-11-20,Burnley,Crystal Palace,3,3,D,2,3,A,15,18,9,8,2,3,0,0,2021-22,6,5,0,1
2021-11-20,Aston Villa,Brighton,2,0,H,0,0,D,9,6,5,2,3,3,0,0,2021-22,2,6,0,0
2021-11-20,Leicester,Chelsea,0,3,A,0,2,A,4,16,3,7,3,1,0,0,2021-22,3,4,0,1
2021-11-20,Newcastle,Brentford,3,3,D,2,2,D,23,10,9,4,2,2,0,0,2021-22,6,4,0,1
2021-11-21,Man City,Everton,3,0,H,1,0,H,17,4,7,1,1,1,0,0,2021-22,3,2,0,1
2021-11-21,Tottenham,Leeds,2,1,H,0,1,A,13,18,4,7,1,4,0,0,2021-22,3,5,0,1
2021-11-27,Arsenal,Newcastle,2,0,H,0,0,D,24,9,6,5,1,3,0,0,2021-22,2,4,0,0
2021-11-27,Crystal Palace,Aston Villa,1,2,A,0,1,A,8,10,3,3,3,3,0,0,2021-22,3,6,0,1
2021-11-27,Liverpool,Southampton,4,0,H,3,0,H,20,7,6,3,0,1,0,0,2021-22,4,1,0,1
2021-11-27,Norwich,Wolves,0,0,D,0,0,D,14,5,4,2,2,2,0,0,2021-22,0,4,0,0
2021-11-27,Brighton,Leeds,0,0,D,0,0,D,20,11,4,4,1,3,0,0,2021-22,0,4,0,0
2021-11-28,Chelsea,Man United,1,1,D,0,0,D,24,3,6,2,2,5,0,0,2021-22,2,7,0,0
2021-11-28,Man City,West Ham,2,1,H,1,0,H,19,5,9,3,2,0,0,0,2021-22,3,2,0,1
2021-11-28,Brentford,Everton,1,0,H,1,0,H,6,14,4,5,4,3,0,0,2021-22,1,7,0,0
2021-11-28,Leicester,Watford,4,2,H,3,1,H,18,16,8,5,0,0,0,0,2021-22,6,0,0,1
2021-11-30,Newcastle,Norwich,1,1,D,0,0,D,9,16,1,6,0,0,0,1,2021-22,2,0,1,0
2021-11-30,Leeds,Crystal Palace,1,0,H,0,0,D,15,9,3,1,5,3,0,0,2021-22,1,8,0,0
2021-12-01,Southampton,Leicester,2,2,D,2,1,H,15,15,7,6,1,3,0,0,2021-22,4,4,0,1
2021-12-01,Watford,Chelsea,1,2,A,1,1,D,13,8,6,4,4,3,0,0,2021-22,3,7,0,1
2021-12-01,West Ham,Brighton,1,1,D,1,0,H,14,9,6,3,1,1,0,0,2021-22,2,2,0,0
2021-12-01,Wolves,Burnley,0,0,D,0,0,D,16,6,2,1,2,3,0,0,2021-22,0,5,0,0
2021-12-01,Aston Villa,Man City,1,2,A,0,2,A,9,17,3,7,0,0,0,0,2021-22,3,0,0,1
2021-12-01,Everton,Liverpool,1,4,A,1,2,A,8,16,2,7,4,3,0,0,2021-22,5,7,0,1
2021-12-02,Tottenham,Brentford,2,0,H,1,0,H,11,6,6,2,0,0,0,0,2021-22,2,0,0,0
2021-12-02,Man United,Arsenal,3,2,H,1,1,D,14,17,10,8,1,0,0,0,2021-22,5,1,0,1
2021-12-04,Watford,Man City,1,3,A,0,2,A,11,26,4,13,3,0,0,0,2021-22,4,3,0,1
2021-12-04,Wolves,Liverpool,0,1,A,0,0,D,3,17,1,5,2,2,0,0,2021-22,1,4,0,0
2021-12-04,Newcastle,Burnley,1,0,H,1,0,H,19,10,4,1,1,1,0,0,2021-22,1,2,0,0
2021-12-04,Southampton,Brighton,1,1,D,1,0,H,14,14,4,4,4,2,0,0,2021-22,2,6,0,0
2021-12-04,West Ham,Chelsea,3,2,H,1,2,A,11,19,5,7,1,3,0,0,2021-22,5,4,0,1
2021-12-05,Leeds,Brentford,2,2,D,1,0,H,13,9,6,3,5,3,0,0,2021-22,4,8,0,1
2021-12-05,Man United,Crystal Palace,1,0,H,0,0,D,16,8,3,2,2,2,0,0,2021-22,1,4,0,0
2021-12-05,Tottenham,Norwich,3,0,H,1,0,H,17,10,7,1,1,2,0,0,2021-22,3,3,0,1
2021-12-05,Aston Villa,Leicester,2,1,H,1,1,D,13,12,4,5,1,1,0,0,2021-22,3,2,0,1
2021-12-06,Everton,Arsenal,2,1,H,0,1,A,11,10,5,3,2,2,0,0,2021-22,3,4,0,1
2021-12-10,Brentford,Watford,2,1,H,0,1,A,14,6,5,2,4,0,0,0,2021-22,3,4,0,1
2021-12-11,Norwich,Man United,0,1,A,0,0,D,11,13,5,5,1,1,0,0,2021-22,1,2,0,0
2021-12-11,Liverpool,Aston Villa,1,0,H,0,0,D,20,4,5,0,1,2,0,0,2021-22,1,3,0,0
2021-12-11,Chelsea,Leeds,3,2,H,1,1,D,16,12,6,5,2,5,0,0,2021-22,5,7,0,1
2021-12-11,Arsenal,Southampton,3,0,H,2,0,H,15,11,5,6,2,0,0,0,2021-22,3,2,0,1
2021-12-11,Man City,Wolves,1,0,H,0,0,D,24,2,10,1,3,2,0,1,2021-22,1,5,1,0
2021-12-12,Burnley,West Ham,0,0,D,0,0,D,9,16,1,3,2,1,0,0,2021-22,0,3,0,0
2021-12-12,Leicester,Newcastle,4,0,H,1,0,H,8,12,5,3,2,3,0,0,2021-22,4,5,0,1
2021-12-12,Crystal Palace,Everton,3,1,H,1,0,H,17,12,6,6,0,2,0,0,2021-22,4,2,0,1
2021-12-14,Norwich,Aston Villa,0,2,A,0,1,A,7,17,3,6,3,1,0,0,2021-22,2,4,0,0
2021-12-14,Man City,Leeds,7,0,H,3,0,H,31,6,15,3,1,1,0,0,2021-22,7,2,0,1
2021-12-15,Brighton,Wolves,0,1,A,0,1,A,12,8,2,5,2,0,0,0,2021-22,1,2,0,0
2021-12-15,Crystal Palace,Southampton,2,2,D,1,2,A,9,15,6,4,2,4,0,0,2021-22,4,6,0,1
2021-12-15,Arsenal,West Ham,2,0,H,0,0,D,21,7,8,1,2,0,0,1,2021-22,2,2,1,0
2021-12-16,Liverpool,Newcastle,3,1,H,2,1,H,23,4,8,2,1,3,0,0,2021-22,4,4,0,1
2021-12-16,Chelsea,Everton,1,1,D,0,0,D,23,5,10,3,2,3,0,0,2021-22,2,5,0,0
2021-12-18,Leeds,Arsenal,1,4,A,0,3,A,9,21,2,12,3,1,0,0,2021-22,5,4,0,1
2021-12-19,Newcastle,Man City,0,4,A,0,2,A,5,18,1,7,1,2,0,0,2021-22,4,3,0,1
2021-12-19,Wolves,Chelsea,0,0,D,0,0,D,4,8,1,1,0,2,0,0,2021-22,0,2,0,0
2021-12-19,Tottenham,Liverpool,2,2,D,1,1,D,10,18,5,6,4,4,0,1,2021-22,4,8,1,1
2021-12-26,Aston Villa,Chelsea,1,3,A,1,1,D,8,10,1,4,3,1,0,0,2021-22,4,4,0,1
2021-12-26,Brighton,Brentford,2,0,H,2,0,H,15,16,5,6,1,3,0,0,2021-22,2,4,0,0
2021-12-26,West Ham,Southampton,2,3,A,0,1,A,11,11,5,6,2,3,0,0,2021-22,5,5,0,1
2021-12-26,Norwich,Arsenal,0,5,A,0,2,A,4,16,2,6,1,2,0,0,2021-22,5,3,0,1
2021-12-26,Man City,Leicester,6,3,H,4,0,H,17,14,9,8,1,2,0,0,2021-22,9,3,0,1
2021-12-26,Tottenham,Crystal Palace,3,0,H,2,0,H,17,4,6,0,1,1,0,1,2021-22,3,2,1,1
2021-12-27,Newcastle,Man United,1,1,D,1,0,H,13,13,8,4,3,3,0,0,2021-22,2,6,0,0
2021-12-28,Crystal Palace,Norwich,3,0,H,3,0,H,19,12,6,3,1,2,0,0,2021-22,3,3,0,1
2021-12-28,Southampton,Tottenham,1,1,D,1,1,D,9,21,2,11,2,2,1,0,2021-22,2,4,1,0
2021-12-28,Watford,West Ham,1,4,A,1,2,A,14,13,5,6,0,1,0,0,2021-22,5,1,0,1
2021-12-28,Leicester,Liverpool,1,0,H,0,0,D,6,21,1,4,0,1,0,0,2021-22,1,1,0,0
2021-12-29,Chelsea,Brighton,1,1,D,1,0,H,11,18,5,6,4,1,0,0,2021-22,2,5,0,0
2021-12-29,Brentford,Man City,0,1,A,0,1,A,6,12,2,3,0,0,0,0,2021-22,1,0,0,0
2021-12-30,Man United,Burnley,3,1,H,3,1,H,18,10,6,3,0,0,0,0,2021-22,4,0,0,1
2022-01-01,Watford,Tottenham,0,1,A,0,0,D,6,21,4,9,0,1,0,0,2021-22,1,1,0,0
2022-01-01,Crystal Palace,West Ham,2,3,A,0,3,A,22,10,6,5,0,2,0,0,2021-22,5,2,0,1
2022-01-01,Arsenal,Man City,1,2,A,1,0,H,7,15,2,2,3,2,1,0,2021-22,3,5,1,1
2022-01-02,Leeds,Burnley,3,1,H,1,0,H,22,8,7,2,2,1,0,0,2021-22,4,3,0,1
2022-01-02,Chelsea,Liverpool,2,2,D,2,2,D,15,10,6,6,1,2,0,0,2021-22,4,3,0,1
2022-01-02,Brentford,Aston Villa,2,1,H,1,1,D,10,16,4,5,2,2,0,0,2021-22,3,4,0,1
2022-01-02,Everton,Brighton,2,3,A,0,2,A,17,12,6,5,1,1,0,0,2021-22,5,2,0,1
2022-01-03,Man United,Wolves,0,1,A,0,0,D,9,19,2,6,3,1,0,0,2021-22,1,4,0,0
2022-01-11,Southampton,Brentford,4,1,H,2,1,H,12,5,6,4,0,1,0,0,2021-22,5,1,0,1
2022-01-12,West Ham,Norwich,2,0,H,1,0,H,13,7,5,3,0,0,0,0,2021-22,2,0,0,0
2022-01-14,Brighton,Crystal Palace,1,1,D,0,0,D,19,3,4,1,0,2,0,0,2021-22,2,2,0,0
2022-01-15,Man City,Chelsea,1,0,H,0,0,D,11,4,6,1,0,2,0,0,2021-22,1,2,0,0
2022-01-15,Newcastle,Watford,1,1,D,0,0,D,12,18,1,5,3,2,0,0,2021-22,2,5,0,0
2022-01-15,Norwich,Everton,2,1,H,2,0,H,14,12,3,5,3,1,0,0,2021-22,3,4,0,1
2022-01-15,Wolves,Southampton,3,1,H,1,0,H,9,13,5,10,2,3,0,0,2021-22,4,5,0,1
2022-01-15,Aston Villa,Man United,2,2,D,0,1,A,13,13,9,6,1,2,0,0,2021-22,4,3,0,1
2022-01-16,West Ham,Leeds,2,3,A,1,2,A,15,18,5,5,3,2,0,0,2021-22,5,5,0,1
2022-01-16,Liverpool,Brentford,3,0,H,1,0,H,27,6,13,1,0,1,0,0,2021-22,3,1,0,1
2022-01-18,Brighton,Chelsea,1,1,D,0,1,A,10,15,2,3,1,2,0,0,2021-22,2,3,0,0
2022-01-19,Leicester,Tottenham,2,3,A,1,1,D,14,27,4,10,1,2,0,0,2021-22,5,3,0,1
2022-01-19,Brentford,Man United,1,3,A,0,0,D,18,13,8,5,0,0,0,0,2021-22,4,0,0,1
2022-01-21,Watford,Norwich,0,3,A,0,0,D,15,7,4,2,0,1,1,0,2021-22,3,1,1,1
2022-01-22,Everton,Aston Villa,0,1,A,0,1,A,15,8,1,3,5,3,0,0,2021-22,1,8,0,0
2022-01-22,Brentford,Wolves,1,2,A,0,0,D,11,7,1,2,2,3,0,0,2021-22,3,5,0,1
2022-01-22,Leeds,Newcastle,0,1,A,0,0,D,13,15,4,3,4,2,0,0,2021-22,1,6,0,0
2022-01-22,Man United,West Ham,1,0,H,0,0,D,18,6,3,1,1,1,0,0,2021-22,1,2,0,0
2022-01-22,Southampton,Man City,1,1,D,1,0,H,7,20,3,5,3,0,0,0,2021-22,2,3,0,0
2022-01-23,Chelsea,Tottenham,2,0,H,0,0,D,15,6,7,3,2,1,0,0,2021-22,2,3,0,0
2022-01-23,Leicester,Brighton,1,1,D,0,0,D,15,14,5,5,0,1,0,0,2021-22,2,1,0,0
2022-01-23,Arsenal,Burnley,0,0,D,0,0,D,20,10,5,1,0,2,0,0,2021-22,0,2,0,0
2022-01-23,Crystal Palace,Liverpool,1,3,A,0,2,A,8,15,5,7,4,1,0,0,2021-22,4,5,0,1
2022-02-05,Burnley,Watford,0,0,D,0,0,D,13,11,2,5,1,2,0,0,2021-22,0,3,0,0
2022-02-08,Newcastle,Everton,3,1,H,1,1,D,20,11,9,3,2,3,0,0,2021-22,4,5,0,1
2022-02-08,West Ham,Watford,1,0,H,0,0,D,9,6,3,1,1,0,0,0,2021-22,1,1,0,0
2022-02-08,Burnley,Man United,1,1,D,0,1,A,9,22,3,5,2,1,0,0,2021-22,2,3,0,0
2022-02-09,Man City,Brentford,2,0,H,1,0,H,15,6,7,2,0,0,0,0,2021-22,2,0,0,0
2022-02-09,Norwich,Crystal Palace,1,1,D,1,0,H,5,13,1,5,1,2,0,0,2021-22,2,3,0,0
2022-02-09,Tottenham,Southampton,2,3,A,1,1,D,8,23,3,10,2,3,0,0,2021-22,5,5,0,1
2022-02-09,Aston Villa,Leeds,3,3,D,3,2,H,12,16,4,8,1,3,1,0,2021-22,6,4,1,1
2022-02-10,Wolves,Arsenal,0,1,A,0,1,A,15,12,4,2,2,3,0,1,2021-22,1,5,1,0
2022-02-10,Liverpool,Leicester,2,0,H,1,0,H,22,5,11,1,1,0,0,0,2021-22,2,1,0,0
2022-02-12,Norwich,Man City,0,4,A,0,1,A,8,22,3,9,0,2,0,0,2021-22,4,2,0,1
2022-02-12,Watford,Brighton,0,2,A,0,1,A,9,11,1,6,3,2,0,0,2021-22,2,5,0,0
2022-02-12,Man United,Southampton,1,1,D,1,0,H,12,13,8,4,4,0,0,0,2021-22,2,4,0,0
2022-02-12,Brentford,Crystal Palace,0,0,D,0,0,D,9,6,2,3,1,0,0,0,2021-22,0,1,0,0
2022-02-12,Everton,Leeds,3,0,H,2,0,H,21,7,10,0,1,1,0,0,2021-22,3,2,0,1
2022-02-13,Burnley,Liverpool,0,1,A,0,1,A,8,12,5,4,0,1,0,0,2021-22,1,1,0,0
2022-02-13,Newcastle,Aston Villa,1,0,H,1,0,H,10,11,2,1,3,4,0,0,2021-22,1,7,0,0
2022-02-13,Tottenham,Wolves,0,2,A,0,2,A,17,11,7,7,3,1,0,0,2021-22,2,4,0,0
2022-02-13,Leicester,West Ham,2,2,D,1,1,D,13,8,2,3,1,2,0,0,2021-22,4,3,0,1
2022-02-15,Man United,Brighton,2,0,H,0,0,D,19,10,7,3,3,1,0,1,2021-22,2,4,1,0
2022-02-19,Southampton,Everton,2,0,H,0,0,D,19,9,11,0,0,2,0,0,2021-22,2,2,0,0
2022-02-19,Liverpool,Norwich,3,1,H,0,0,D,29,6,8,1,0,1,0,0,2021-22,4,1,0,1
2022-02-19,Man City,Tottenham,2,3,A,1,1,D,21,6,4,5,0,3,0,0,2021-22,5,3,0,1
2022-02-19,Crystal Palace,Chelsea,0,1,A,0,0,D,7,9,0,3,1,3,0,0,2021-22,1,4,0,0
2022-02-19,Arsenal,Brentford,2,1,H,0,0,D,24,6,8,2,1,1,0,0,2021-22,3,2,0,1
2022-02-19,Aston Villa,Watford,0,1,A,0,0,D,20,8,1,4,1,2,0,0,2021-22,1,3,0,0
2022-02-19,West Ham,Newcastle,1,1,D,1,1,D,11,14,3,3,3,3,0,0,2021-22,2,6,0,0
2022-02-19,Brighton,Burnley,0,3,A,0,2,A,11,10,1,4,1,4,0,0,2021-22,3,5,0,1
2022-02-20,Leeds,Man United,2,4,A,0,2,A,16,15,6,9,6,3,0,0,2021-22,6,9,0,1
2022-02-20,Wolves,Leicester,2,1,H,1,1,D,11,17,3,7,4,4,0,0,2021-22,3,8,0,1
2022-02-23,Burnley,Tottenham,1,0,H,0,0,D,15,12,4,2,0,0,0,0,2021-22,1,0,0,0
2022-02-23,Watford,Crystal Palace,1,4,A,1,2,A,8,7,1,5,2,1,0,0,2021-22,5,3,0,1
2022-02-23,Liverpool,Leeds,6,0,H,3,0,H,23,3,15,2,0,3,0,0,2021-22,6,3,0,1
2022-02-24,Arsenal,Wolves,2,1,H,0,1,A,26,6,5,2,1,1,0,0,2021-22,3,2,0,1
2022-02-25,Southampton,Norwich,2,0,H,1,0,H,27,8,9,1,1,2,0,0,2021-22,2,3,0,0
2022-02-26,Everton,Man City,0,1,A,0,0,D,6,13,2,8,3,2,0,0,2021-22,1,5,0,0
2022-02-26,Brighton,Aston Villa,0,2,A,0,1,A,12,9,1,4,4,5,0,0,2021-22,2,9,0,0
2022-02-26,Man United,Watford,0,0,D,0,0,D,22,10,3,2,0,0,0,0,2021-22,0,0,0,0
2022-02-26,Brentford,Newcastle,0,2,A,0,2,A,6,26,1,11,3,1,1,0,2021-22,2,4,1,0
2022-02-26,Crystal Palace,Burnley,1,1,D,1,0,H,11,5,4,1,0,2,0,0,2021-22,2,2,0,0
2022-02-26,Leeds,Tottenham,0,4,A,0,3,A,19,15,3,11,4,2,0,0,2021-22,4,6,0,1
2022-02-27,West Ham,Wolves,1,0,H,0,0,D,13,14,4,1,1,0,0,0,2021-22,1,1,0,0
2022-03-01,Burnley,Leicester,0,2,A,0,0,D,9,22,2,6,1,1,0,0,2021-22,2,2,0,0
2022-03-05,Liverpool,West Ham,1,0,H,1,0,H,22,13,5,5,2,1,0,0,2021-22,1,3,0,0
2022-03-05,Norwich,Brentford,1,3,A,0,1,A,15,10,7,6,2,5,0,0,2021-22,4,7,0,1
2022-03-05,Wolves,Crystal Palace,0,2,A,0,2,A,12,12,5,8,0,3,0,0,2021-22,2,3,0,0
2022-03-05,Newcastle,Brighton,2,1,H,2,0,H,10,15,4,4,1,1,0,0,2021-22,3,2,0,1
2022-03-05,Aston Villa,Southampton,4,0,H,2,0,H,14,11,9,1,1,1,0,0,2021-22,4,2,0,1
2022-03-05,Leicester,Leeds,1,0,H,0,0,D,7,19,4,4,1,2,0,0,2021-22,1,3,0,0
2022-03-05,Burnley,Chelsea,0,4,A,0,0,D,6,11,1,5,2,0,0,0,2021-22,4,2,0,1
2022-03-06,Watford,Arsenal,2,3,A,1,2,A,13,16,7,4,1,2,0,0,2021-22,5,3,0,1
2022-03-06,Man City,Man United,4,1,H,2,1,H,24,5,10,2,0,1,0,0,2021-22,5,1,0,1
2022-03-07,Tottenham,Everton,5,0,H,3,0,H,14,6,7,0,2,0,0,0,2021-22,5,2,0,1
2022-03-10,Norwich,Chelsea,1,3,A,0,2,A,9,15,3,7,0,2,0,0,2021-22,4,2,0,1
2022-03-10,Southampton,Newcastle,1,2,A,1,1,D,14,8,5,4,1,1,0,0,2021-22,3,2,0,1
2022-03-10,Wolves,Watford,4,0,H,3,0,H,10,9,5,0,2,2,0,0,2021-22,4,4,0,1
2022-03-10,Leeds,Aston Villa,0,3,A,0,1,A,4,15,1,9,5,3,0,0,2021-22,3,8,0,1
2022-03-12,Man United,Tottenham,3,2,H,2,1,H,10,10,6,3,2,1,0,0,2021-22,5,3,0,1
2022-03-12,Brighton,Liverpool,0,2,A,0,1,A,8,18,3,9,3,1,0,0,2021-22,2,4,0,0
2022-03-12,Brentford,Burnley,2,0,H,0,0,D,13,7,4,1,1,1,0,1,2021-22,2,2,1,0
2022-03-13,Chelsea,Newcastle,1,0,H,0,0,D,8,7,3,2,4,3,0,0,2021-22,1,7,0,0
2022-03-13,Everton,Wolves,0,1,A,0,0,D,8,14,2,3,2,1,1,0,2021-22,1,3,1,0
2022-03-13,Leeds,Norwich,2,1,H,1,0,H,13,12,7,4,3,1,0,0,2021-22,3,4,0,1
2022-03-13,Southampton,Watford,1,2,A,1,2,A,13,9,7,5,3,2,0,0,2021-22,3,5,0,1
2022-03-13,West Ham,Aston Villa,2,1,H,0,0,D,11,13,4,7,1,0,0,0,2021-22,3,1,0,1
2022-03-13,Arsenal,Leicester,2,0,H,1,0,H,21,6,8,3,0,3,0,0,2021-22,2,3,0,0
2022-03-14,Crystal Palace,Man City,0,0,D,0,0,D,7,18,1,4,3,1,0,0,2021-22,0,4,0,0
2022-03-16,Brighton,Tottenham,0,2,A,0,1,A,15,17,0,7,2,2,0,0,2021-22,2,4,0,0
2022-03-16,Arsenal,Liverpool,0,2,A,0,0,D,9,9,2,3,0,1,0,0,2021-22,2,1,0,0
2022-03-17,Everton,Newcastle,1,0,H,0,0,D,9,17,3,6,2,1,1,0,2021-22,1,3,1,0
2022-03-18,Wolves,Leeds,2,3,A,2,0,H,14,15,8,6,1,4,1,0,2021-22,5,5,1,1
2022-03-19,Aston Villa,Arsenal,0,1,A,0,1,A,8,10,1,3,3,3,0,0,2021-22,1,6,0,0
2022-03-20,Leicester,Brentford,2,1,H,2,0,H,12,15,4,6,1,2,0,0,2021-22,3,3,0,1
2022-03-20,Tottenham,West Ham,3,1,H,2,1,H,17,6,4,1,0,1,0,0,2021-22,4,1,0,1
2022-04-02,Wolves,Aston Villa,2,1,H,2,0,H,11,15,5,5,4,3,0,0,2021-22,3,7,0,1
2022-04-02,Leeds,Southampton,1,1,D,1,0,H,12,14,3,6,1,1,0,0,2021-22,2,2,0,0
2022-04-02,Chelsea,Brentford,1,4,A,0,0,D,21,17,8,6,0,0,0,0,2021-22,5,0,0,1
2022-04-02,Man United,Leicester,1,1,D,0,0,D,11,11,5,3,2,2,0,0,2021-22,2,4,0,0
2022-04-02,Brighton,Norwich,0,0,D,0,0,D,31,6,4,0,1,1,0,0,2021-22,0,2,0,0
2022-04-02,Liverpool,Watford,2,0,H,1,0,H,20,5,3,2,1,1,0,0,2021-22,2,2,0,0
2022-04-02,Burnley,Man City,0,2,A,0,2,A,3,18,1,6,1,0,0,0,2021-22,2,1,0,0
2022-04-03,West Ham,Everton,2,1,H,1,0,H,11,13,5,2,1,1,0,1,2021-22,3,2,1,1
2022-04-03,Tottenham,Newcastle,5,1,H,1,1,D,19,8,6,1,2,3,0,0,2021-22,6,5,0,1
2022-04-04,Crystal Palace,Arsenal,3,0,H,2,0,H,6,12,5,3,0,2,0,0,2021-22,3,2,0,1
2022-04-06,Burnley,Everton,3,2,H,1,2,A,13,16,4,4,2,2,0,0,2021-22,5,4,0,1
2022-04-08,Newcastle,Wolves,1,0,H,0,0,D,12,5,4,2,1,1,0,0,2021-22,1,2,0,0
2022-04-09,Aston Villa,Tottenham,0,4,A,0,1,A,9,11,8,5,2,3,0,0,2021-22,4,5,0,1
2022-04-09,Everton,Man United,1,0,H,1,0,H,7,12,3,4,2,2,0,0,2021-22,1,4,0,0
2022-04-09,Arsenal,Brighton,1,2,A,0,1,A,20,8,4,3,3,4,0,0,2021-22,3,7,0,1
2022-04-09,Southampton,Chelsea,0,6,A,0,4,A,4,24,1,14,1,0,0,0,2021-22,6,1,0,1
2022-04-09,Watford,Leeds,0,3,A,0,1,A,8,10,1,5,2,0,0,0,2021-22,3,2,0,1
2022-04-10,Man City,Liverpool,2,2,D,2,1,H,11,6,5,4,1,4,0,0,2021-22,4,5,0,1
2022-04-10,Norwich,Burnley,2,0,H,1,0,H,17,18,6,4,1,1,0,0,2021-22,2,2,0,0
2022-04-10,Brentford,West Ham,2,0,H,0,0,D,15,5,7,1,0,1,0,0,2021-22,2,1,0,0
2022-04-10,Leicester,Crystal Palace,2,1,H,2,0,H,12,11,3,3,1,1,0,0,2021-22,3,2,0,1
2022-04-16,Tottenham,Brighton,0,1,A,0,0,D,5,12,0,5,3,3,0,0,2021-22,1,6,0,0
2022-04-16,Man United,Norwich,3,2,H,2,1,H,20,15,9,4,0,0,0,0,2021-22,5,0,0,1
2022-04-16,Southampton,Arsenal,1,0,H,1,0,H,9,23,3,6,2,1,0,0,2021-22,1,3,0,0
2022-04-16,Watford,Brentford,1,2,A,0,1,A,17,16,4,5,2,1,0,0,2021-22,3,3,0,1
2022-04-17,Newcastle,Leicester,2,1,H,1,1,D,16,8,7,2,2,2,0,0,2021-22,3,4,0,1
2022-04-17,West Ham,Burnley,1,1,D,0,1,A,21,9,8,1,2,2,0,0,2021-22,2,4,0,0
2022-04-19,Liverpool,Man United,4,0,H,2,0,H,14,2,5,1,1,2,0,0,2021-22,4,3,0,1
2022-04-20,Newcastle,Crystal Palace,1,0,H,1,0,H,13,10,4,2,1,1,0,0,2021-22,1,2,0,0
2022-04-20,Man City,Brighton,3,0,H,0,0,D,17,2,5,1,0,3,0,0,2021-22,3,3,0,1
2022-04-20,Chelsea,Arsenal,2,4,A,2,2,D,11,14,2,4,3,1,0,0,2021-22,6,4,0,1
2022-04-20,Everton,Leicester,1,1,D,0,1,A,13,11,3,3,3,1,0,0,2021-22,2,4,0,0
2022-04-21,Burnley,Southampton,2,0,H,2,0,H,16,11,6,3,2,2,0,0,2021-22,2,4,0,0
2022-04-23,Brentford,Tottenham,0,0,D,0,0,D,15,9,2,0,2,1,0,0,2021-22,0,3,0,0
2022-04-23,Arsenal,Man United,3,1,H,2,1,H,14,14,7,5,3,4,0,0,2021-22,4,7,0,1
2022-04-23,Leicester,Aston Villa,0,0,D,0,0,D,5,11,2,3,3,2,0,0,2021-22,0,5,0,0
2022-04-23,Man City,Watford,5,1,H,3,1,H,21,5,8,2,1,0,0,0,2021-22,6,1,0,1
2022-04-23,Norwich,Newcastle,0,3,A,0,2,A,5,13,2,7,0,2,0,0,2021-22,3,2,0,1
2022-04-24,Chelsea,West Ham,1,0,H,0,0,D,26,6,5,2,1,0,0,1,2021-22,1,1,1,0
2022-04-24,Liverpool,Everton,2,0,H,0,0,D,18,9,4,1,2,5,0,0,2021-22,2,7,0,0
2022-04-24,Brighton,Southampton,2,2,D,2,1,H,8,18,5,5,1,0,0,0,2021-22,4,1,0,1
2022-04-24,Burnley,Wolves,1,0,H,0,0,D,14,10,5,4,3,1,0,0,2021-22,1,4,0,0
2022-04-25,Crystal Palace,Leeds,0,0,D,0,0,D,17,9,7,2,2,2,0,0,2021-22,0,4,0,0
2022-04-28,Man United,Chelsea,1,1,D,0,0,D,6,21,3,6,0,1,0,0,2021-22,2,1,0,0
2022-04-30,Newcastle,Liverpool,0,1,A,0,1,A,4,24,2,10,1,3,0,0,2021-22,1,4,0,0
2022-04-30,Aston Villa,Norwich,2,0,H,1,0,H,21,9,6,3,4,1,0,0,2021-22,2,5,0,0
2022-04-30,Southampton,Crystal Palace,1,2,A,1,0,H,8,14,3,5,1,3,0,0,2021-22,3,4,0,1
2022-04-30,Watford,Burnley,1,2,A,1,0,H,13,17,1,6,1,2,0,0,2021-22,3,3,0,1
2022-04-30,Wolves,Brighton,0,3,A,0,1,A,11,17,1,9,2,1,0,0,2021-22,3,3,0,1
2022-04-30,Leeds,Man City,0,4,A,0,1,A,7,19,2,6,1,2,0,0,2021-22,4,3,0,1
2022-05-01,Everton,Chelsea,1,0,H,0,0,D,9,17,4,5,3,5,0,0,2021-22,1,8,0,0
2022-05-01,Tottenham,Leicester,3,1,H,1,0,H,13,6,7,2,2,3,0,0,2021-22,4,5,0,1
2022-05-01,West Ham,Arsenal,1,2,A,1,1,D,8,13,3,7,2,2,0,0,2021-22,3,4,0,1
2022-05-02,Man United,Brentford,3,0,H,1,0,H,9,12,5,4,1,0,0,0,2021-22,3,1,0,1
2022-05-07,Liverpool,Tottenham,1,1,D,0,0,D,22,8,3,3,3,2,0,0,2021-22,2,5,0,0
2022-05-07,Brighton,Man United,4,0,H,1,0,H,17,15,6,5,0,2,0,0,2021-22,4,2,0,1
2022-05-07,Crystal Palace,Watford,1,0,H,1,0,H,15,6,7,1,2,1,0,1,2021-22,1,3,1,0
2022-05-07,Brentford,Southampton,3,0,H,2,0,H,18,19,5,4,0,1,0,0,2021-22,3,1,0,1
2022-05-07,Burnley,Aston Villa,1,3,A,0,2,A,14,12,6,7,1,2,0,0,2021-22,4,3,0,1
2022-05-07,Chelsea,Wolves,2,2,D,0,0,D,19,14,6,4,1,3,0,0,2021-22,4,4,0,1
2022-05-08,Arsenal,Leeds,2,1,H,2,0,H,19,3,9,2,2,2,0,1,2021-22,3,4,1,1
2022-05-08,Leicester,Everton,1,2,A,1,2,A,16,10,9,4,3,0,0,0,2021-22,3,3,0,1
2022-05-08,Norwich,West Ham,0,4,A,0,3,A,8,13,2,5,1,1,0,0,2021-22,4,2,0,1
2022-05-08,Man City,Newcastle,5,0,H,2,0,H,21,7,9,3,1,3,0,0,2021-22,5,4,0,1
2022-05-10,Aston Villa,Liverpool,1,2,A,1,1,D,9,17,4,6,0,0,0,0,2021-22,3,0,0,1
2022-05-11,Wolves,Man City,1,5,A,1,3,A,7,16,3,5,0,1,0,0,2021-22,6,1,0,1
2022-05-11,Watford,Everton,0,0,D,0,0,D,6,16,0,5,1,2,0,0,2021-22,0,3,0,0
2022-05-11,Leeds,Chelsea,0,3,A,0,1,A,5,17,0,4,1,0,1,0,2021-22,3,1,1,1
2022-05-11,Leicester,Norwich,3,0,H,0,0,D,20,9,8,5,0,0,0,0,2021-22,3,0,0,1
2022-05-12,Tottenham,Arsenal,3,0,H,2,0,H,16,8,6,4,1,3,0,1,2021-22,3,4,1,1
2022-05-15,Everton,Brentford,2,3,A,2,1,H,10,18,5,7,0,3,2,0,2021-22,5,3,2,1
2022-05-15,Tottenham,Burnley,1,0,H,1,0,H,21,8,8,1,3,2,0,0,2021-22,1,5,0,0
2022-05-15,Aston Villa,Crystal Palace,1,1,D,0,0,D,13,16,4,4,1,3,0,0,2021-22,2,4,0,0
2022-05-15,Leeds,Brighton,1,1,D,0,1,A,19,16,5,6,3,2,0,0,2021-22,2,5,0,0
2022-05-15,Watford,Leicester,1,5,A,1,2,A,13,13,5,7,0,1,0,0,2021-22,6,1,0,1
2022-05-15,West Ham,Man City,2,2,D,2,0,H,6,31,2,8,3,1,0,0,2021-22,4,4,0,1
2022-05-15,Wolves,Norwich,1,1,D,0,1,A,17,11,4,2,0,3,0,0,2021-22,2,3,0,0
2022-05-16,Newcastle,Arsenal,2,0,H,0,0,D,16,11,4,2,0,3,0,0,2021-22,2,3,0,0
2022-05-17,Southampton,Liverpool,1,2,A,1,1,D,4,24,2,5,2,0,0,0,2021-22,3,2,0,1
2022-05-19,Chelsea,Leicester,1,1,D,1,1,D,20,2,7,1,4,1,0,0,2021-22,2,5,0,0
2022-05-19,Everton,Crystal Palace,3,2,H,0,2,A,12,7,6,5,2,3,0,0,2021-22,5,5,0,1
2022-05-19,Aston Villa,Burnley,1,1,D,0,1,A,22,10,9,5,0,1,0,1,2021-22,2,1,1,0
2022-05-22,Crystal Palace,Man United,1,0,H,1,0,H,6,10,3,4,2,4,0,0,2021-22,1,6,0,0
2022-05-22,Liverpool,Wolves,3,1,H,1,1,D,29,7,8,5,1,0,0,0,2021-22,4,1,0,1
2022-05-22,Leicester,Southampton,4,1,H,0,0,D,12,7,6,2,0,1,0,0,2021-22,5,1,0,1
2022-05-22,Chelsea,Watford,2,1,H,1,0,H,19,8,8,3,0,0,0,0,2021-22,3,0,0,1
2022-05-22,Man City,Aston Villa,3,2,H,0,1,A,24,4,5,2,0,1,0,0,2021-22,5,1,0,1
2022-05-22,Brighton,West Ham,3,1,H,0,1,A,18,7,7,2,1,1,0,0,2021-22,4,2,0,1
2022-05-22,Brentford,Leeds,1,2,A,0,0,D,14,14,5,6,2,1,1,0,2021-22,3,3,1,1
2022-05-22,Arsenal,Everton,5,1,H,2,1,H,26,6,9,2,0,1,0,0,2021-22,6,1,0,1
2022-05-22,Burnley,Newcastle,1,2,A,0,1,A,12,8,5,6,1,0,0,0,2021-22,3,1,0,1
2022-05-22,Norwich,Tottenham,0,5,A,0,2,A,9,19,0,13,3,1,0,0,2021-22,5,4,0,1
2022-08-05,Crystal Palace,Arsenal,0,2,A,0,1,A,10,10,2,2,1,2,0,0,2022-23,2,3,0,0
2022-08-06,Fulham,Liverpool,2,2,D,1,0,H,9,11,3,4,2,0,0,0,2022-23,4,2,0,1
2022-08-06,Bournemouth,Aston Villa,2,0,H,1,0,H,7,15,3,2,3,3,0,0,2022-23,2,6,0,0
2022-08-06,Leeds,Wolves,2,1,H,1,1,D,12,15,4,6,2,0,0,0,2022-23,3,2,0,1
2022-08-06,Newcastle,Nott'm Forest,2,0,H,0,0,D,23,5,10,0,0,3,0,0,2022-23,2,3,0,0
2022-08-06,Tottenham,Southampton,4,1,H,2,1,H,18,10,8,2,3,0,0,0,2022-23,5,3,0,1
2022-08-06,Everton,Chelsea,0,1,A,0,1,A,8,15,4,6,3,2,0,0,2022-23,1,5,0,0
2022-08-07,Leicester,Brentford,2,2,D,1,0,H,14,8,5,3,0,0,0,0,2022-23,4,0,0,1
2022-08-07,Man United,Brighton,1,2,A,0,2,A,17,15,5,4,4,1,0,0,2022-23,3,5,0,1
2022-08-07,West Ham,Man City,0,2,A,0,1,A,6,14,1,2,0,1,0,0,2022-23,2,1,0,0
2022-08-13,Brentford,Man United,4,0,H,4,0,H,13,15,7,4,0,4,0,0,2022-23,4,4,0,1
2022-08-13,Wolves,Fulham,0,0,D,0,0,D,7,9,1,3,3,3,0,0,2022-23,0,6,0,0
2022-08-13,Southampton,Leeds,2,2,D,0,0,D,14,13,4,5,1,3,0,0,2022-23,4,4,0,1
2022-08-13,Arsenal,Leicester,4,2,H,2,0,H,19,6,7,2,1,1,0,0,2022-23,6,2,0,1
2022-08-13,Brighton,Newcastle,0,0,D,0,0,D,13,4,7,1,2,3,0,0,2022-23,0,5,0,0
2022-08-13,Aston Villa,Everton,2,1,H,1,0,H,12,15,4,4,4,1,0,0,2022-23,3,5,0,1
2022-08-13,Man City,Bournemouth,4,0,H,3,0,H,19,3,7,1,0,3,0,0,2022-23,4,3,0,1
2022-08-14,Nott'm Forest,West Ham,1,0,H,1,0,H,13,19,6,5,4,1,0,0,2022-23,1,5,0,0
2022-08-14,Chelsea,Tottenham,2,2,D,1,0,H,16,10,3,5,3,0,0,0,2022-23,4,3,0,1
2022-08-15,Liverpool,Crystal Palace,1,1,D,0,1,A,24,7,4,3,2,4,1,0,2022-23,2,6,1,0
2022-08-20,Leicester,Southampton,1,2,A,0,0,D,6,9,1,3,2,3,0,0,2022-23,3,5,0,1
2022-08-20,Bournemouth,Arsenal,0,3,A,0,2,A,6,14,1,6,2,1,0,0,2022-23,3,3,0,1
2022-08-20,Fulham,Brentford,3,2,H,2,1,H,18,13,9,5,3,2,0,0,2022-23,5,5,0,1
2022-08-20,Everton,Nott'm Forest,1,1,D,0,0,D,19,14,8,5,3,2,0,0,2022-23,2,5,0,0
2022-08-20,Crystal Palace,Aston Villa,3,1,H,1,1,D,17,13,9,5,2,1,0,0,2022-23,4,3,0,1
2022-08-20,Tottenham,Wolves,1,0,H,0,0,D,11,20,4,3,2,2,0,0,2022-23,1,4,0,0
2022-08-21,Leeds,Chelsea,3,0,H,2,0,H,12,14,6,3,0,1,0,1,2022-23,3,1,1,1
2022-08-21,West Ham,Brighton,0,2,A,0,1,A,13,11,3,2,2,0,0,0,2022-23,2,2,0,0
2022-08-21,Newcastle,Man City,3,3,D,2,1,H,12,21,6,10,4,2,0,0,2022-23,6,6,0,1
2022-08-22,Man United,Liverpool,2,1,H,1,0,H,12,17,4,5,3,1,0,0,2022-23,3,4,0,1
2022-08-27,Arsenal,Fulham,2,1,H,0,0,D,22,11,8,3,2,3,0,0,2022-23,3,5,0,1
2022-08-27,Man City,Crystal Palace,4,2,H,0,2,A,18,2,5,2,1,2,0,0,2022-23,6,3,0,1
2022-08-27,Chelsea,Leicester,2,1,H,0,0,D,7,17,3,5,1,2,1,0,2022-23,3,3,1,1
2022-08-27,Liverpool,Bournemouth,9,0,H,5,0,H,19,5,12,2,0,1,0,0,2022-23,9,1,0,1
2022-08-27,Brentford,Everton,1,1,D,0,1,A,19,14,5,7,2,2,0,0,2022-23,2,4,0,0
2022-08-27,Southampton,Man United,0,1,A,0,0,D,17,11,5,6,0,3,0,0,2022-23,1,3,0,0
2022-08-27,Brighton,Leeds,1,0,H,0,0,D,13,10,4,2,2,3,0,0,2022-23,1,5,0,0
2022-08-28,Aston Villa,West Ham,0,1,A,0,0,D,9,7,3,2,2,0,0,0,2022-23,1,2,0,0
2022-08-28,Wolves,Newcastle,1,1,D,1,0,H,10,21,4,6,2,1,0,0,2022-23,2,3,0,0
2022-08-28,Nott'm Forest,Tottenham,0,2,A,0,1,A,17,18,1,7,6,1,0,0,2022-23,2,7,0,0
2022-08-30,Crystal Palace,Brentford,1,1,D,0,0,D,13,9,4,3,1,2,0,0,2022-23,2,3,0,0
2022-08-30,Fulham,Brighton,2,1,H,0,0,D,10,7,3,4,2,1,0,0,2022-23,3,3,0,1
2022-08-30,Southampton,Chelsea,2,1,H,2,1,H,9,10,7,4,2,1,0,0,2022-23,3,3,0,1
2022-08-30,Leeds,Everton,1,1,D,0,1,A,14,7,5,2,3,3,0,0,2022-23,2,6,0,0
2022-08-31,Liverpool,Newcastle,2,1,H,0,1,A,23,5,6,2,0,2,0,0,2022-23,3,2,0,1
2022-08-31,West Ham,Tottenham,1,1,D,0,1,A,14,13,4,4,2,5,0,0,2022-23,2,7,0,0
2022-08-31,Man City,Nott'm Forest,6,0,H,3,0,H,17,8,9,1,0,1,0,0,2022-23,6,1,0,1
2022-08-31,Bournemouth,Wolves,0,0,D,0,0,D,5,17,2,4,2,1,0,0,2022-23,0,3,0,0
2022-08-31,Arsenal,Aston Villa,2,1,H,1,0,H,22,4,9,3,2,3,0,0,2022-23,3,5,0,1
2022-09-01,Leicester,Man United,0,1,A,0,1,A,10,9,2,2,1,3,0,0,2022-23,1,4,0,0
2022-09-03,Everton,Liverpool,0,0,D,0,0,D,14,23,3,8,2,2,0,0,2022-23,0,4,0,0
2022-09-03,Brentford,Leeds,5,2,H,2,1,H,14,17,8,6,2,2,0,0,2022-23,7,4,0,1
2022-09-03,Chelsea,West Ham,2,1,H,0,0,D,8,6,3,3,4,2,0,0,2022-23,3,6,0,1
2022-09-03,Newcastle,Crystal Palace,0,0,D,0,0,D,23,19,6,9,2,1,0,0,2022-23,0,3,0,0
2022-09-03,Nott'm Forest,Bournemouth,2,3,A,2,0,H,11,8,3,3,2,1,0,0,2022-23,5,3,0,1
2022-09-03,Tottenham,Fulham,2,1,H,1,0,H,23,9,10,3,3,4,0,0,2022-23,3,7,0,1
2022-09-03,Wolves,Southampton,1,0,H,1,0,H,7,12,2,1,4,2,0,0,2022-23,1,6,0,0
2022-09-03,Aston Villa,Man City,1,1,D,0,0,D,3,13,1,4,2,0,0,0,2022-23,2,2,0,0
2022-09-04,Man United,Arsenal,3,1,H,1,0,H,10,16,6,3,3,3,0,0,2022-23,4,6,0,1
2022-09-04,Brighton,Leicester,5,2,H,2,2,D,23,6,11,4,1,1,0,0,2022-23,7,2,0,1
2022-09-16,Aston Villa,Southampton,1,0,H,1,0,H,11,7,3,1,3,1,0,0,2022-23,1,4,0,0
2022-09-16,Nott'm Forest,Fulham,2,3,A,1,0,H,11,15,3,7,2,4,0,0,2022-23,5,6,0,1
2022-09-17,Wolves,Man City,0,3,A,0,2,A,6,16,1,7,2,1,1,0,2022-23,3,3,1,1
2022-09-17,Newcastle,Bournemouth,1,1,D,0,0,D,20,10,7,3,2,2,0,0,2022-23,2,4,0,0
2022-09-17,Tottenham,Leicester,6,2,H,2,2,D,16,19,11,7,1,2,0,0,2022-23,8,3,0,1
2022-09-18,Brentford,Arsenal,0,3,A,0,2,A,5,13,2,7,0,2,0,0,2022-23,3,2,0,1
2022-09-18,Everton,West Ham,1,0,H,0,0,D,7,14,2,4,3,1,0,0,2022-23,1,4,0,0
2022-10-01,West Ham,Wolves,2,0,H,1,0,H,18,15,5,4,2,2,0,0,2022-23,2,4,0,0
2022-10-01,Southampton,Everton,1,2,A,0,0,D,22,12,6,5,2,2,0,0,2022-23,3,4,0,1
2022-10-01,Liverpool,Brighton,3,3,D,1,2,A,15,6,7,6,1,1,0,0,2022-23,6,2,0,1
2022-10-01,Fulham,Newcastle,1,4,A,0,3,A,3,19,1,10,2,0,1,0,2022-23,5,2,1,1
2022-10-01,Crystal Palace,Chelsea,1,2,A,1,1,D,7,13,3,3,1,3,0,0,2022-23,3,4,0,1
2022-10-01,Bournemouth,Brentford,0,0,D,0,0,D,7,13,1,4,1,2,0,0,2022-23,0,3,0,0
2022-10-01,Arsenal,Tottenham,3,1,H,1,1,D,22,7,9,3,2,1,0,1,2022-23,4,3,1,1
2022-10-02,Man City,Man United,6,3,H,4,0,H,22,12,10,8,0,3,0,0,2022-23,9,3,0,1
2022-10-02,Leeds,Aston Villa,0,0,D,0,0,D,9,19,1,7,3,2,1,0,2022-23,0,5,1,0
2022-10-03,Leicester,Nott'm Forest,4,0,H,3,0,H,17,10,7,3,2,4,0,0,2022-23,4,6,0,1
2022-10-08,Bournemouth,Leicester,2,1,H,0,1,A,10,9,4,5,1,2,0,0,2022-23,3,3,0,1
2022-10-08,Chelsea,Wolves,3,0,H,1,0,H,20,8,7,2,2,0,0,0,2022-23,3,2,0,1
2022-10-08,Man City,Southampton,4,0,H,2,0,H,21,5,8,0,0,1,0,0,2022-23,4,1,0,1
2022-10-08,Newcastle,Brentford,5,1,H,2,0,H,16,6,6,3,0,1,0,0,2022-23,6,1,0,1
2022-10-08,Brighton,Tottenham,0,1,A,0,1,A,14,8,4,3,1,2,0,0,2022-23,1,3,0,0
2022-10-09,Everton,Man United,1,2,A,1,2,A,11,12,2,4,2,1,0,0,2022-23,3,3,0,1
2022-10-09,Arsenal,Liverpool,3,2,H,2,1,H,11,8,7,3,1,2,0,0,2022-23,5,3,0,1
2022-10-09,Crystal Palace,Leeds,2,1,H,1,1,D,13,10,5,4,3,3,0,0,2022-23,3,6,0,1
2022-10-09,West Ham,Fulham,3,1,H,1,1,D,17,8,8,2,1,3,0,0,2022-23,4,4,0,1
2022-10-10,Nott'm Forest,Aston Villa,1,1,D,1,1,D,6,12,3,2,3,3,0,0,2022-23,2,6,0,0
2022-10-14,Brentford,Brighton,2,0,H,1,0,H,7,21,3,7,3,1,0,0,2022-23,2,4,0,0
2022-10-15,Leicester,Crystal Palace,0,0,D,0,0,D,14,8,5,1,2,2,0,0,2022-23,0,4,0,0
2022-10-15,Fulham,Bournemouth,2,2,D,1,2,A,19,10,4,6,2,0,0,0,2022-23,4,2,0,1
2022-10-15,Wolves,Nott'm Forest,1,0,H,0,0,D,9,10,2,2,2,2,0,0,2022-23,1,4,0,0
2022-10-15,Tottenham,Everton,2,0,H,0,0,D,21,4,7,0,1,4,0,0,2022-23,2,5,0,0
2022-10-16,Liverpool,Man City,1,0,H,0,0,D,13,16,2,6,3,1,0,0,2022-23,1,4,0,0
2022-10-16,Man United,Newcastle,0,0,D,0,0,D,15,9,2,2,3,1,0,0,2022-23,0,4,0,0
2022-10-16,Southampton,West Ham,1,1,D,1,0,H,10,25,8,4,1,1,0,0,2022-23,2,2,0,0
2022-10-16,Aston Villa,Chelsea,0,2,A,0,1,A,18,8,7,4,0,3,0,0,2022-23,2,3,0,0
2022-10-16,Leeds,Arsenal,0,1,A,0,1,A,16,9,4,4,0,2,0,0,2022-23,1,2,0,0
2022-10-18,Brighton,Nott'm Forest,0,0,D,0,0,D,19,3,7,0,3,1,0,0,2022-23,0,4,0,0
2022-10-18,Crystal Palace,Wolves,2,1,H,0,1,A,14,10,4,4,3,1,0,0,2022-23,3,4,0,1
2022-10-19,Bournemouth,Southampton,0,1,A,0,1,A,15,9,3,3,1,3,0,0,2022-23,1,4,0,0
2022-10-19,Brentford,Chelsea,0,0,D,0,0,D,8,14,5,5,0,0,0,0,2022-23,0,0,0,0
2022-10-19,Liverpool,West Ham,1,0,H,1,0,H,22,8,7,3,0,0,0,0,2022-23,1,0,0,0
2022-10-19,Newcastle,Everton,1,0,H,1,0,H,16,1,4,0,2,4,0,0,2022-23,1,6,0,0
2022-10-19,Man United,Tottenham,2,0,H,0,0,D,28,9,10,2,1,0,0,0,2022-23,2,1,0,0
2022-10-20,Fulham,Aston Villa,3,0,H,1,0,H,18,12,8,6,0,2,0,1,2022-23,3,2,1,1
2022-10-20,Leicester,Leeds,2,0,H,2,0,H,5,14,1,2,2,1,0,0,2022-23,2,3,0,0
2022-10-22,Chelsea,Man United,1,1,D,0,0,D,6,13,2,6,1,4,0,0,2022-23,2,5,0,0
2022-10-22,Man City,Brighton,3,1,H,2,0,H,10,8,4,2,1,3,0,0,2022-23,4,4,0,1
2022-10-22,Everton,Crystal Palace,3,0,H,1,0,H,9,9,6,2,3,4,0,0,2022-23,3,7,0,1
2022-10-22,Nott'm Forest,Liverpool,1,0,H,0,0,D,10,15,7,7,2,1,0,0,2022-23,1,3,0,0
2022-10-23,Wolves,Leicester,0,4,A,0,2,A,21,5,5,4,2,1,0,0,2022-23,4,3,0,1
2022-10-23,Aston Villa,Brentford,4,0,H,3,0,H,19,12,11,3,1,0,0,0,2022-23,4,1,0,1
2022-10-23,Leeds,Fulham,2,3,A,1,1,D,14,11,5,5,1,1,0,0,2022-23,5,2,0,1
2022-10-23,Southampton,Arsenal,1,1,D,0,1,A,10,12,3,3,2,1,0,0,2022-23,2,3,0,0
2022-10-23,Tottenham,Newcastle,1,2,A,0,2,A,17,13,5,5,4,2,0,0,2022-23,3,6,0,1
2022-10-24,West Ham,Bournemouth,2,0,H,1,0,H,20,5,4,3,0,2,0,0,2022-23,2,2,0,0
2022-10-29,Newcastle,Aston Villa,4,0,H,1,0,H,20,3,7,0,1,1,0,0,2022-23,4,2,0,1
2022-10-29,Fulham,Everton,0,0,D,0,0,D,24,9,6,4,2,1,0,0,2022-23,0,3,0,0
2022-10-29,Liverpool,Leeds,1,2,A,1,1,D,22,14,10,6,0,1,0,0,2022-23,3,1,0,1
2022-10-29,Crystal Palace,Southampton,1,0,H,1,0,H,12,14,3,4,3,3,0,0,2022-23,1,6,0,0
2022-10-29,Leicester,Man City,0,1,A,0,0,D,10,15,5,5,0,0,0,0,2022-23,1,0,0,0
2022-10-29,Brentford,Wolves,1,1,D,0,0,D,12,14,3,4,3,3,0,1,2022-23,2,6,1,0
2022-10-29,Bournemouth,Tottenham,2,3,A,1,0,H,6,23,4,7,1,2,0,0,2022-23,5,3,0,1
2022-10-29,Brighton,Chelsea,4,1,H,3,0,H,19,15,9,7,1,2,0,0,2022-23,5,3,0,1
2022-10-30,Arsenal,Nott'm Forest,5,0,H,1,0,H,24,5,10,2,0,1,0,0,2022-23,5,1,0,1
2022-10-30,Man United,West Ham,1,0,H,1,0,H,16,13,3,5,1,3,0,0,2022-23,1,4,0,0
2022-11-05,Leeds,Bournemouth,4,3,H,1,2,A,18,9,4,6,2,2,0,0,2022-23,7,4,0,1
2022-11-05,Man City,Fulham,2,1,H,1,1,D,16,4,5,2,2,4,1,0,2022-23,3,6,1,1
2022-11-05,Nott'm Forest,Brentford,2,2,D,1,1,D,15,6,7,2,2,2,0,0,2022-23,4,4,0,1
2022-11-05,Wolves,Brighton,2,3,A,2,2,D,8,19,5,8,2,0,1,0,2022-23,5,2,1,1
2022-11-05,Everton,Leicester,0,2,A,0,1,A,12,22,2,8,0,0,0,0,2022-23,2,0,0,0
2022-11-06,West Ham,Crystal Palace,1,2,A,1,1,D,5,15,2,6,1,1,0,0,2022-23,3,2,0,1
2022-11-06,Chelsea,Arsenal,0,1,A,0,0,D,5,14,1,2,5,2,0,0,2022-23,1,7,0,0
2022-11-06,Aston Villa,Man United,3,1,H,2,1,H,6,8,4,3,3,3,0,0,2022-23,4,6,0,1
2022-11-06,Southampton,Newcastle,1,4,A,0,1,A,16,7,5,4,1,0,0,0,2022-23,5,1,0,1
2022-11-06,Tottenham,Liverpool,1,2,A,0,2,A,14,13,5,6,0,0,0,0,2022-23,3,0,0,1
2022-11-12,Wolves,Arsenal,0,2,A,0,0,D,11,14,2,4,3,2,0,0,2022-23,2,5,0,0
2022-11-12,Newcastle,Chelsea,1,0,H,0,0,D,10,5,3,2,3,2,0,0,2022-23,1,5,0,0
2022-11-12,Tottenham,Leeds,4,3,H,1,2,A,14,12,8,5,1,1,0,1,2022-23,7,2,1,1
2022-11-12,West Ham,Leicester,0,2,A,0,1,A,18,9,6,6,3,1,0,0,2022-23,2,4,0,0
2022-11-12,Liverpool,Southampton,3,1,H,3,1,H,15,9,7,5,0,2,0,0,2022-23,4,2,0,1
2022-11-12,Man City,Brentford,1,2,A,1,1,D,29,10,6,8,2,2,0,0,2022-23,3,4,0,1
2022-11-12,Nott'm Forest,Crystal Palace,1,0,H,0,0,D,9,8,2,0,1,4,0,0,2022-23,1,5,0,0
2022-11-12,Bournemouth,Everton,3,0,H,2,0,H,16,15,9,3,2,0,0,0,2022-23,3,2,0,1
2022-11-13,Brighton,Aston Villa,1,2,A,1,1,D,7,8,2,2,2,7,0,0,2022-23,3,9,0,1
2022-11-13,Fulham,Man United,1,2,A,0,1,A,14,14,7,9,1,1,0,0,2022-23,3,2,0,1
2022-12-26,Arsenal,West Ham,3,1,H,0,1,A,16,8,5,4,0,2,0,0,2022-23,4,2,0,1
2022-12-26,Brentford,Tottenham,2,2,D,1,0,H,9,16,5,8,3,1,0,0,2022-23,4,4,0,1
2022-12-26,Crystal Palace,Fulham,0,3,A,0,1,A,4,23,0,11,0,0,2,0,2022-23,3,0,2,1
2022-12-26,Everton,Wolves,1,2,A,1,1,D,12,7,6,4,1,6,0,0,2022-23,3,7,0,1
2022-12-26,Leicester,Newcastle,0,3,A,0,3,A,8,12,2,5,0,0,0,0,2022-23,3,0,0,1
2022-12-26,Southampton,Brighton,1,3,A,0,2,A,14,7,4,4,1,2,0,0,2022-23,4,3,0,1
2022-12-26,Aston Villa,Liverpool,1,3,A,0,2,A,12,16,6,9,0,0,0,0,2022-23,4,0,0,1
2022-12-27,Man United,Nott'm Forest,3,0,H,2,0,H,17,8,8,3,3,1,0,0,2022-23,3,4,0,1
2022-12-27,Chelsea,Bournemouth,2,0,H,2,0,H,15,9,5,4,0,0,0,0,2022-23,2,0,0,0
2022-12-28,Leeds,Man City,1,3,A,0,1,A,9,26,1,9,3,3,0,0,2022-23,4,6,0,1
2022-12-30,West Ham,Brentford,0,2,A,0,2,A,20,9,5,6,1,0,0,0,2022-23,2,1,0,0
2022-12-30,Liverpool,Leicester,2,1,H,2,1,H,21,7,5,2,0,1,0,0,2022-23,3,1,0,1
2022-12-31,Wolves,Man United,0,1,A,0,0,D,10,16,3,6,1,3,0,0,2022-23,1,4,0,0
2022-12-31,Bournemouth,Crystal Palace,0,2,A,0,2,A,6,15,2,6,4,1,0,0,2022-23,2,5,0,0
2022-12-31,Fulham,Southampton,2,1,H,1,0,H,8,9,2,3,0,1,0,0,2022-23,3,1,0,1
2022-12-31,Man City,Everton,1,1,D,1,0,H,16,2,3,1,3,4,0,0,2022-23,2,7,0,0
2022-12-31,Newcastle,Leeds,0,0,D,0,0,D,16,8,5,1,3,5,0,0,2022-23,0,8,0,0
2022-12-31,Brighton,Arsenal,2,4,A,0,2,A,9,14,5,7,3,3,0,0,2022-23,6,6,0,1
2023-01-01,Nott'm Forest,Chelsea,1,1,D,0,1,A,12,7,5,2,2,2,0,0,2022-23,2,4,0,0
2023-01-01,Tottenham,Aston Villa,0,2,A,0,0,D,6,13,2,4,4,3,0,0,2022-23,2,7,0,0
2023-01-02,Brentford,Liverpool,3,1,H,2,0,H,10,16,7,6,1,3,0,0,2022-23,4,4,0,1
2023-01-03,Arsenal,Newcastle,0,0,D,0,0,D,17,8,4,1,4,4,0,0,2022-23,0,8,0,0
2023-01-03,Everton,Brighton,1,4,A,0,1,A,10,19,4,8,3,1,0,0,2022-23,5,4,0,1
2023-01-03,Leicester,Fulham,0,1,A,0,1,A,15,11,6,2,2,6,0,0,2022-23,1,8,0,0
2023-01-03,Man United,Bournemouth,3,0,H,1,0,H,18,7,6,4,0,3,0,0,2022-23,3,3,0,1
2023-01-04,Southampton,Nott'm Forest,0,1,A,0,1,A,8,11,0,1,2,2,0,0,2022-23,1,4,0,0
2023-01-04,Leeds,West Ham,2,2,D,1,1,D,14,15,6,2,3,1,0,0,2022-23,4,4,0,1
2023-01-04,Aston Villa,Wolves,1,1,D,0,1,A,13,10,4,3,1,3,0,0,2022-23,2,4,0,0
2023-01-04,Crystal Palace,Tottenham,0,4,A,0,0,D,19,14,4,6,1,2,0,0,2022-23,4,3,0,1
2023-01-05,Chelsea,Man City,0,1,A,0,0,D,8,12,2,3,2,0,0,0,2022-23,1,2,0,0
2023-01-12,Fulham,Chelsea,2,1,H,1,0,H,8,20,3,10,4,3,0,1,2022-23,3,7,1,1
2023-01-13,Aston Villa,Leeds,2,1,H,1,0,H,11,16,5,4,2,2,0,0,2022-23,3,4,0,1
2023-01-14,Man United,Man City,2,1,H,0,0,D,8,5,4,1,3,0,0,0,2022-23,3,3,0,1
2023-01-14,Brighton,Liverpool,3,0,H,0,0,D,16,6,9,2,1,3,0,0,2022-23,3,4,0,1
2023-01-14,Everton,Southampton,1,2,A,1,0,H,12,13,4,5,0,3,0,0,2022-23,3,3,0,1
2023-01-14,Nott'm Forest,Leicester,2,0,H,0,0,D,15,6,5,1,1,2,0,0,2022-23,2,3,0,0
2023-01-14,Wolves,West Ham,1,0,H,0,0,D,17,16,4,4,0,2,0,0,2022-23,1,2,0,0
2023-01-14,Brentford,Bournemouth,2,0,H,1,0,H,12,7,4,2,1,1,0,0,2022-23,2,2,0,0
2023-01-15,Chelsea,Crystal Palace,1,0,H,0,0,D,15,10,5,5,2,5,0,0,2022-23,1,7,0,0
2023-01-15,Newcastle,Fulham,1,0,H,0,0,D,20,5,5,0,1,3,0,0,2022-23,1,4,0,0
2023-01-15,Tottenham,Arsenal,0,2,A,0,2,A,17,14,7,5,4,2,0,0,2022-23,2,6,0,0
2023-01-18,Crystal Palace,Man United,1,1,D,0,1,A,10,15,5,4,1,2,0,0,2022-23,2,3,0,0
2023-01-19,Man City,Tottenham,4,2,H,0,2,A,16,9,6,3,1,2,0,0,2022-23,6,3,0,1
2023-01-21,West Ham,Everton,2,0,H,2,0,H,11,5,4,2,1,1,0,0,2022-23,2,2,0,0
2023-01-21,Crystal Palace,Newcastle,0,0,D,0,0,D,6,16,1,7,4,2,0,0,2022-23,0,6,0,0
2023-01-21,Southampton,Aston Villa,0,1,A,0,0,D,8,16,5,5,1,2,0,0,2022-23,1,3,0,0
2023-01-21,Liverpool,Chelsea,0,0,D,0,0,D,15,11,3,2,3,1,0,0,2022-23,0,4,0,0
2023-01-21,Bournemouth,Nott'm Forest,1,1,D,1,0,H,16,20,4,5,1,2,0,0,2022-23,2,3,0,0
2023-01-21,Leicester,Brighton,2,2,D,1,1,D,9,13,2,4,0,1,0,0,2022-23,4,1,0,1
2023-01-22,Leeds,Brentford,0,0,D,0,0,D,9,6,5,0,2,2,0,0,2022-23,0,4,0,0
2023-01-22,Man City,Wolves,3,0,H,1,0,H,13,10,7,1,1,2,0,0,2022-23,3,3,0,1
2023-01-22,Arsenal,Man United,3,2,H,1,1,D,25,6,5,4,1,2,0,0,2022-23,5,3,0,1
2023-01-23,Fulham,Tottenham,0,1,A,0,1,A,10,10,5,3,1,3,0,0,2022-23,1,4,0,0
2023-02-03,Chelsea,Fulham,0,0,D,0,0,D,12,10,3,4,1,4,0,0,2022-23,0,5,0,0
2023-02-04,Newcastle,West Ham,1,1,D,1,1,D,8,10,2,1,2,1,0,0,2022-23,2,3,0,0
2023-02-04,Wolves,Liverpool,3,0,H,2,0,H,12,22,6,4,1,1,0,0,2022-23,3,2,0,1
2023-02-04,Brighton,Bournemouth,1,0,H,0,0,D,20,12,6,2,3,1,0,0,2022-23,1,4,0,0
2023-02-04,Man United,Crystal Palace,2,1,H,1,0,H,14,10,5,3,1,2,1,0,2022-23,3,3,1,1
2023-02-04,Aston Villa,Leicester,2,4,A,2,3,A,19,9,4,5,0,2,0,0,2022-23,6,2,0,1
2023-02-04,Everton,Arsenal,1,0,H,0,0,D,12,15,4,3,4,1,0,0,2022-23,1,5,0,0
2023-02-04,Brentford,Southampton,3,0,H,2,0,H,14,14,4,6,1,2,0,0,2022-23,3,3,0,1
2023-02-05,Nott'm Forest,Leeds,1,0,H,1,0,H,6,10,2,4,4,2,0,0,2022-23,1,6,0,0
2023-02-05,Tottenham,Man City,1,0,H,1,0,H,12,15,3,5,2,3,1,0,2022-23,1,5,1,0
2023-02-08,Man United,Leeds,2,2,D,0,1,A,24,8,7,2,1,3,0,0,2022-23,4,4,0,1
2023-02-11,Southampton,Wolves,1,2,A,1,0,H,17,11,2,2,2,2,0,1,2022-23,3,4,1,1
2023-02-11,West Ham,Chelsea,1,1,D,1,1,D,10,12,2,4,1,1,0,0,2022-23,2,2,0,0
2023-02-11,Arsenal,Brentford,1,1,D,0,0,D,23,9,7,2,0,2,0,0,2022-23,2,2,0,0
2023-02-11,Crystal Palace,Brighton,1,1,D,0,0,D,6,17,1,7,4,1,0,0,2022-23,2,5,0,0
2023-02-11,Fulham,Nott'm Forest,2,0,H,1,0,H,16,10,3,1,0,1,0,0,2022-23,2,1,0,0
2023-02-11,Leicester,Tottenham,4,1,H,3,1,H,15,11,7,4,5,2,0,0,2022-23,5,7,0,1
2023-02-11,Bournemouth,Newcastle,1,1,D,1,1,D,11,15,5,7,2,3,0,0,2022-23,2,5,0,0
2023-02-12,Man City,Aston Villa,3,1,H,3,0,H,17,6,9,2,1,2,0,0,2022-23,4,3,0,1
2023-02-12,Leeds,Man United,0,2,A,0,0,D,16,11,6,5,2,1,0,0,2022-23,2,3,0,0
2023-02-13,Liverpool,Everton,2,0,H,1,0,H,15,6,6,1,1,3,0,0,2022-23,2,4,0,0
2023-02-15,Arsenal,Man City,1,3,A,1,1,D,10,9,1,6,2,3,0,0,2022-23,4,5,0,1
2023-02-18,Aston Villa,Arsenal,2,4,A,2,1,H,7,20,5,5,2,1,0,0,2022-23,6,3,0,1
2023-02-18,Brentford,Crystal Palace,1,1,D,0,0,D,12,10,5,4,2,2,0,0,2022-23,2,4,0,0
2023-02-18,Brighton,Fulham,0,1,A,0,0,D,21,5,7,2,0,5,0,0,2022-23,1,5,0,0
2023-02-18,Chelsea,Southampton,0,1,A,0,1,A,17,8,5,5,3,6,0,0,2022-23,1,9,0,0
2023-02-18,Everton,Leeds,1,0,H,0,0,D,15,8,6,0,2,3,0,0,2022-23,1,5,0,0
2023-02-18,Nott'm Forest,Man City,1,1,D,0,1,A,4,26,1,6,1,0,0,0,2022-23,2,1,0,0
2023-02-18,Wolves,Bournemouth,0,1,A,0,0,D,15,5,4,1,3,3,0,0,2022-23,1,6,0,0
2023-02-18,Newcastle,Liverpool,0,2,A,0,2,A,14,13,4,7,1,1,1,0,2022-23,2,2,1,0
2023-02-19,Tottenham,West Ham,2,0,H,0,0,D,16,6,6,1,2,1,0,0,2022-23,2,3,0,0
2023-02-19,Man United,Leicester,3,0,H,1,0,H,26,19,8,3,0,2,0,0,2022-23,3,2,0,1
2023-02-24,Fulham,Wolves,1,1,D,0,1,A,10,8,5,2,2,0,0,0,2022-23,2,2,0,0
2023-02-25,Everton,Aston Villa,0,2,A,0,0,D,15,9,5,5,2,1,0,0,2022-23,2,3,0,0
2023-02-25,Leeds,Southampton,1,0,H,0,0,D,14,8,4,2,2,4,0,0,2022-23,1,6,0,0
2023-02-25,Leicester,Arsenal,0,1,A,0,0,D,1,10,0,2,0,1,0,0,2022-23,1,1,0,0
2023-02-25,West Ham,Nott'm Forest,4,0,H,0,0,D,18,8,5,3,0,0,0,0,2022-23,4,0,0,1
2023-02-25,Bournemouth,Man City,1,4,A,0,3,A,13,20,2,5,2,2,0,0,2022-23,5,4,0,1
2023-02-25,Crystal Palace,Liverpool,0,0,D,0,0,D,6,12,0,4,2,5,0,0,2022-23,0,7,0,0
2023-02-26,Tottenham,Chelsea,2,0,H,0,0,D,8,10,3,2,2,3,0,0,2022-23,2,5,0,0
2023-03-01,Arsenal,Everton,4,0,H,2,0,H,15,8,5,5,0,2,0,0,2022-23,4,2,0,1
2023-03-01,Liverpool,Wolves,2,0,H,0,0,D,15,4,6,1,2,3,0,0,2022-23,2,5,0,0
2023-03-04,Wolves,Tottenham,1,0,H,0,0,D,8,21,5,6,1,1,0,0,2022-23,1,2,0,0
2023-03-04,Southampton,Leicester,1,0,H,1,0,H,11,11,5,0,4,2,0,0,2022-23,1,6,0,0
2023-03-04,Chelsea,Leeds,1,0,H,0,0,D,13,11,3,2,2,0,0,0,2022-23,1,2,0,0
2023-03-04,Man City,Newcastle,2,0,H,1,0,H,11,5,3,2,2,4,0,0,2022-23,2,6,0,0
2023-03-04,Aston Villa,Crystal Palace,1,0,H,1,0,H,8,3,1,0,2,3,0,1,2022-23,1,5,1,0
2023-03-04,Arsenal,Bournemouth,3,2,H,0,1,A,31,4,9,4,0,2,0,0,2022-23,5,2,0,1
2023-03-04,Brighton,West Ham,4,0,H,1,0,H,20,3,9,2,0,3,0,0,2022-23,4,3,0,1
2023-03-05,Nott'm Forest,Everton,2,2,D,1,2,A,10,10,4,3,3,5,0,0,2022-23,4,8,0,1
2023-03-05,Liverpool,Man United,7,0,H,1,0,H,18,8,8,4,2,3,0,0,2022-23,7,5,0,1
2023-03-06,Brentford,Fulham,3,2,H,1,1,D,14,9,6,5,0,3,0,0,2022-23,5,3,0,1
2023-03-11,Crystal Palace,Man City,0,1,A,0,0,D,4,14,0,4,2,2,0,0,2022-23,1,4,0,0
2023-03-11,Leicester,Chelsea,1,3,A,1,2,A,17,12,7,6,1,2,1,0,2022-23,4,3,1,1
2023-03-11,Tottenham,Nott'm Forest,3,1,H,2,0,H,15,9,7,5,3,1,0,0,2022-23,4,4,0,1
2023-03-11,Everton,Brentford,1,0,H,1,0,H,13,12,6,4,2,1,0,0,2022-23,1,3,0,0
2023-03-11,Bournemouth,Liverpool,1,0,H,1,0,H,5,15,2,6,2,1,0,0,2022-23,1,3,0,0
2023-03-11,Leeds,Brighton,2,2,D,1,1,D,12,14,4,2,1,1,0,0,2022-23,4,2,0,1
2023-03-12,Fulham,Arsenal,0,3,A,0,3,A,12,15,2,7,0,1,0,0,2022-23,3,1,0,1
2023-03-12,Man United,Southampton,0,0,D,0,0,D,10,17,4,4,2,0,0,0,2022-23,0,2,0,0
2023-03-12,West Ham,Aston Villa,1,1,D,1,1,D,17,12,6,4,1,0,0,0,2022-23,2,1,0,0
2023-03-12,Newcastle,Wolves,2,1,H,1,0,H,19,7,8,4,1,2,0,0,2022-23,3,3,0,1
2023-03-15,Brighton,Crystal Palace,1,0,H,1,0,H,11,11,5,3,1,2,0,0,2022-23,1,3,0,0
2023-03-15,Southampton,Brentford,0,2,A,0,1,A,7,11,1,5,1,2,0,0,2022-23,2,3,0,0
2023-03-17,Nott'm Forest,Newcastle,1,2,A,1,1,D,5,15,3,4,5,1,0,0,2022-23,3,6,0,1
2023-03-18,Chelsea,Everton,2,2,D,0,0,D,20,12,7,3,2,2,0,0,2022-23,4,4,0,1
2023-03-18,Southampton,Tottenham,3,3,D,0,1,A,19,17,7,3,1,1,0,0,2022-23,6,2,0,1
2023-03-18,Wolves,Leeds,2,4,A,0,1,A,23,11,8,4,3,5,1,0,2022-23,6,8,1,1
2023-03-18,Aston Villa,Bournemouth,3,0,H,1,0,H,20,10,9,3,1,4,0,0,2022-23,3,5,0,1
2023-03-18,Brentford,Leicester,1,1,D,1,0,H,11,14,2,1,1,2,1,0,2022-23,2,3,1,0
2023-03-19,Arsenal,Crystal Palace,4,1,H,2,0,H,15,8,5,4,0,1,0,0,2022-23,5,1,0,1
2023-04-01,Man City,Liverpool,4,1,H,1,1,D,17,4,8,1,1,1,0,0,2022-23,5,2,0,1
2023-04-01,Arsenal,Leeds,4,1,H,1,0,H,13,7,6,5,0,2,0,0,2022-23,5,2,0,1
2023-04-01,Bournemouth,Fulham,2,1,H,0,1,A,12,10,7,2,1,4,0,0,2022-23,3,5,0,1
2023-04-01,Brighton,Brentford,3,3,D,2,2,D,33,7,15,5,2,1,0,0,2022-23,6,3,0,1
2023-04-01,Crystal Palace,Leicester,2,1,H,0,0,D,31,3,9,2,3,4,0,0,2022-23,3,7,0,1
2023-04-01,Nott'm Forest,Wolves,1,1,D,1,0,H,17,8,7,1,3,5,0,0,2022-23,2,8,0,0
2023-04-01,Chelsea,Aston Villa,0,2,A,0,1,A,27,5,8,2,3,3,0,0,2022-23,2,6,0,0
2023-04-02,Newcastle,Man United,2,0,H,0,0,D,22,6,6,1,0,0,0,0,2022-23,2,0,0,0
2023-04-02,West Ham,Southampton,1,0,H,1,0,H,12,9,2,3,0,2,0,0,2022-23,1,2,0,0
2023-04-03,Everton,Tottenham,1,1,D,0,0,D,15,8,6,2,0,3,1,1,2022-23,2,3,2,0
2023-04-04,Bournemouth,Brighton,0,2,A,0,1,A,14,16,3,6,1,1,0,0,2022-23,2,2,0,0
2023-04-04,Leeds,Nott'm Forest,2,1,H,2,1,H,21,13,6,1,1,4,0,0,2022-23,3,5,0,1
2023-04-04,Leicester,Aston Villa,1,2,A,1,1,D,9,15,4,5,2,0,1,0,2022-23,3,2,1,1
2023-04-04,Chelsea,Liverpool,0,0,D,0,0,D,12,7,3,4,1,4,0,0,2022-23,0,5,0,0
2023-04-05,Man United,Brentford,1,0,H,1,0,H,18,6,3,1,3,2,0,0,2022-23,1,5,0,0
2023-04-05,West Ham,Newcastle,1,5,A,1,2,A,7,15,2,8,2,1,0,0,2022-23,6,3,0,1
2023-04-08,Tottenham,Brighton,2,1,H,1,1,D,9,17,3,4,3,1,0,0,2022-23,3,4,0,1
2023-04-08,Southampton,Man City,1,4,A,0,1,A,4,13,1,8,0,2,0,0,2022-23,5,2,0,1
2023-04-08,Wolves,Chelsea,1,0,H,1,0,H,9,13,4,1,2,5,0,0,2022-23,1,7,0,0
2023-04-08,Leicester,Bournemouth,0,1,A,0,1,A,14,19,4,7,0,3,0,0,2022-23,1,3,0,0
2023-04-08,Man United,Everton,2,0,H,1,0,H,29,15,11,1,0,0,0,0,2022-23,2,0,0,0
2023-04-08,Brentford,Newcastle,1,2,A,1,0,H,12,10,6,4,0,0,0,0,2022-23,3,0,0,1
2023-04-08,Aston Villa,Nott'm Forest,2,0,H,0,0,D,8,6,3,2,3,4,0,0,2022-23,2,7,0,0
2023-04-08,Fulham,West Ham,0,1,A,0,1,A,16,9,3,5,1,1,0,0,2022-23,1,2,0,0
2023-04-09,Leeds,Crystal Palace,1,5,A,1,1,D,11,16,7,8,3,1,0,0,2022-23,6,4,0,1
2023-04-09,Liverpool,Arsenal,2,2,D,1,2,A,21,9,6,5,4,4,0,0,2022-23,4,8,0,1
2023-04-15,Man City,Leicester,3,1,H,3,0,H,12,10,4,4,1,1,0,0,2022-23,4,2,0,1
2023-04-15,Tottenham,Bournemouth,2,3,A,1,1,D,24,6,8,6,1,2,0,0,2022-23,5,3,0,1
2023-04-15,Southampton,Crystal Palace,0,2,A,0,0,D,11,9,4,2,3,1,0,0,2022-23,2,4,0,0
2023-04-15,Wolves,Brentford,2,0,H,1,0,H,11,10,9,3,1,1,0,0,2022-23,2,2,0,0
2023-04-15,Chelsea,Brighton,1,2,A,1,1,D,8,26,2,10,2,2,0,0,2022-23,3,4,0,1
2023-04-15,Aston Villa,Newcastle,3,0,H,1,0,H,16,8,6,2,1,1,0,0,2022-23,3,2,0,1
2023-04-15,Everton,Fulham,1,3,A,1,1,D,15,21,7,7,3,2,0,0,2022-23,4,5,0,1
2023-04-16,West Ham,Arsenal,2,2,D,1,2,A,16,11,3,5,1,2,0,0,2022-23,4,3,0,1
2023-04-16,Nott'm Forest,Man United,0,2,A,0,1,A,6,22,0,8,2,2,0,0,2022-23,2,4,0,0
2023-04-17,Leeds,Liverpool,1,6,A,0,2,A,13,13,3,7,0,1,0,0,2022-23,7,1,0,1
2023-04-21,Arsenal,Southampton,3,3,D,1,2,A,25,8,6,6,1,5,0,0,2022-23,6,6,0,1
2023-04-22,Liverpool,Nott'm Forest,3,2,H,0,0,D,18,11,6,5,0,1,0,0,2022-23,5,1,0,1
2023-04-22,Fulham,Leeds,2,1,H,0,0,D,12,10,5,2,1,4,0,0,2022-23,3,5,0,1
2023-04-22,Brentford,Aston Villa,1,1,D,0,0,D,6,14,5,2,3,2,0,0,2022-23,2,5,0,0
2023-04-22,Crystal Palace,Everton,0,0,D,0,0,D,12,10,2,5,1,1,0,1,2022-23,0,2,1,0
2023-04-22,Leicester,Wolves,2,1,H,1,1,D,15,16,8,3,1,3,0,0,2022-23,3,4,0,1
2023-04-23,Newcastle,Tottenham,6,1,H,5,0,H,25,11,8,3,0,3,0,0,2022-23,7,3,0,1
2023-04-23,Bournemouth,West Ham,0,4,A,0,3,A,17,18,5,10,1,2,0,0,2022-23,4,3,0,1
2023-04-25,Wolves,Crystal Palace,2,0,H,1,0,H,9,14,3,4,5,4,0,0,2022-23,2,9,0,0
2023-04-25,Aston Villa,Fulham,1,0,H,1,0,H,14,1,3,0,3,2,0,0,2022-23,1,5,0,0
2023-04-25,Leeds,Leicester,1,1,D,1,0,H,13,15,3,3,4,2,0,0,2022-23,2,6,0,0
2023-04-26,Nott'm Forest,Brighton,3,1,H,1,1,D,12,17,5,7,2,0,0,0,2022-23,4,2,0,1
2023-04-26,Chelsea,Brentford,0,2,A,0,1,A,15,7,4,1,1,2,0,0,2022-23,2,3,0,0
2023-04-26,West Ham,Liverpool,1,2,A,1,1,D,7,20,2,4,0,0,0,0,2022-23,3,0,0,1
2023-04-26,Man City,Arsenal,4,1,H,2,0,H,14,8,9,2,3,1,0,0,2022-23,5,4,0,1
2023-04-27,Southampton,Bournemouth,0,1,A,0,0,D,11,16,2,2,0,3,0,0,2022-23,1,3,0,0
2023-04-27,Tottenham,Man United,2,2,D,0,2,A,18,17,7,8,1,2,0,0,2022-23,4,3,0,1
2023-04-27,Everton,Newcastle,1,4,A,0,1,A,13,15,5,8,2,1,0,0,2022-23,5,3,0,1
2023-04-29,Crystal Palace,West Ham,4,3,H,3,2,H,16,8,6,4,1,2,0,0,2022-23,7,3,0,1
2023-04-29,Brentford,Nott'm Forest,2,1,H,0,1,A,14,5,8,3,1,2,0,0,2022-23,3,3,0,1
2023-04-29,Brighton,Wolves,6,0,H,4,0,H,22,10,8,2,1,1,0,0,2022-23,6,2,0,1
2023-04-30,Bournemouth,Leeds,4,1,H,2,1,H,12,15,7,6,1,0,0,0,2022-23,5,1,0,1
2023-04-30,Fulham,Man City,1,2,A,1,2,A,4,12,1,9,1,3,0,0,2022-23,3,4,0,1
2023-04-30,Man United,Aston Villa,1,0,H,1,0,H,14,7,6,1,2,0,0,0,2022-23,1,2,0,0
2023-04-30,Newcastle,Southampton,3,1,H,0,1,A,22,4,5,3,1,4,0,0,2022-23,4,5,0,1
2023-04-30,Liverpool,Tottenham,4,3,H,3,1,H,12,10,4,7,3,2,0,0,2022-23,7,5,0,1
2023-05-01,Leicester,Everton,2,2,D,2,1,H,15,23,6,8,4,1,0,0,2022-23,4,5,0,1
2023-05-02,Arsenal,Chelsea,3,1,H,3,0,H,16,7,10,4,0,2,0,0,2022-23,4,2,0,1
2023-05-03,Man City,West Ham,3,0,H,0,0,D,16,6,7,2,0,1,0,0,2022-23,3,1,0,1
2023-05-03,Liverpool,Fulham,1,0,H,1,0,H,15,9,3,3,0,0,0,0,2022-23,1,0,0,0
2023-05-04,Brighton,Man United,1,0,H,0,0,D,22,16,6,5,4,4,0,0,2022-23,1,8,0,0
2023-05-06,Bournemouth,Chelsea,1,3,A,1,1,D,10,11,4,5,1,3,0,0,2022-23,4,4,0,1
2023-05-06,Man City,Leeds,2,1,H,2,0,H,18,4,6,2,0,3,0,0,2022-23,3,3,0,1
2023-05-06,Tottenham,Crystal Palace,1,0,H,1,0,H,8,7,3,2,3,5,0,0,2022-23,1,8,0,0
2023-05-06,Wolves,Aston Villa,1,0,H,1,0,H,6,16,2,3,3,3,0,0,2022-23,1,6,0,0
2023-05-06,Liverpool,Brentford,1,0,H,1,0,H,15,5,5,1,4,2,0,0,2022-23,1,6,0,0
2023-05-07,West Ham,Man United,1,0,H,1,0,H,15,19,4,4,0,2,0,0,2022-23,1,2,0,0
2023-05-07,Newcastle,Arsenal,0,2,A,0,1,A,12,10,5,6,2,1,0,0,2022-23,2,3,0,0
2023-05-08,Nott'm Forest,Southampton,4,3,H,3,1,H,9,19,4,5,1,0,0,0,2022-23,7,1,0,1
2023-05-08,Brighton,Everton,1,5,A,0,3,A,23,10,5,5,1,5,0,0,2022-23,6,6,0,1
2023-05-08,Fulham,Leicester,5,3,H,3,0,H,17,18,7,9,0,3,0,0,2022-23,8,3,0,1
2023-05-13,Man United,Wolves,2,0,H,1,0,H,27,5,9,0,3,2,0,0,2022-23,2,5,0,0
2023-05-13,Leeds,Newcastle,2,2,D,1,1,D,9,18,4,5,3,2,1,0,2022-23,4,5,1,1
2023-05-13,Aston Villa,Tottenham,2,1,H,1,0,H,8,5,4,2,3,3,0,0,2022-23,3,6,0,1
2023-05-13,Chelsea,Nott'm Forest,2,2,D,0,1,A,14,11,6,2,3,1,0,0,2022-23,4,4,0,1
2023-05-13,Crystal Palace,Bournemouth,2,0,H,1,0,H,17,5,5,0,0,2,0,0,2022-23,2,2,0,0
2023-05-13,Southampton,Fulham,0,2,A,0,0,D,5,9,1,4,2,0,0,0,2022-23,2,2,0,0
2023-05-14,Everton,Man City,0,3,A,0,2,A,7,9,3,4,1,0,0,0,2022-23,3,1,0,1
2023-05-14,Arsenal,Brighton,0,3,A,0,0,D,14,12,2,6,1,2,0,0,2022-23,3,3,0,1
2023-05-14,Brentford,West Ham,2,0,H,2,0,H,24,4,10,4,1,0,0,0,2022-23,2,1,0,0
2023-05-15,Leicester,Liverpool,0,3,A,0,2,A,4,16,4,5,2,1,0,0,2022-23,3,3,0,1
2023-05-18,Newcastle,Brighton,4,1,H,2,0,H,22,8,9,2,2,4,0,0,2022-23,5,6,0,1
2023-05-20,Tottenham,Brentford,1,3,A,1,0,H,22,11,8,4,1,1,0,0,2022-23,4,2,0,1
2023-05-20,Bournemouth,Man United,0,1,A,0,1,A,10,20,4,5,1,0,0,0,2022-23,1,1,0,0
2023-05-20,Fulham,Crystal Palace,2,2,D,1,1,D,11,11,4,5,3,0,0,0,2022-23,4,3,0,1
2023-05-20,Liverpool,Aston Villa,1,1,D,0,1,A,10,6,5,3,3,5,0,0,2022-23,2,8,0,0
2023-05-20,Wolves,Everton,1,1,D,1,0,H,13,19,5,4,5,1,0,0,2022-23,2,6,0,0
2023-05-20,Nott'm Forest,Arsenal,1,0,H,1,0,H,6,11,2,3,3,2,0,0,2022-23,1,5,0,0
2023-05-21,West Ham,Leeds,3,1,H,1,1,D,19,12,9,3,1,3,0,0,2022-23,4,4,0,1
2023-05-21,Brighton,Southampton,3,1,H,2,0,H,26,5,8,1,2,5,0,0,2022-23,4,7,0,1
2023-05-21,Man City,Chelsea,1,0,H,1,0,H,15,13,2,6,0,2,0,0,2022-23,1,2,0,0
2023-05-22,Newcastle,Leicester,0,0,D,0,0,D,23,1,4,1,2,0,0,0,2022-23,0,2,0,0
2023-05-24,Brighton,Man City,1,1,D,1,1,D,20,13,7,4,2,1,0,0,2022-23,2,3,0,0
2023-05-25,Man United,Chelsea,4,1,H,2,0,H,18,14,9,5,1,1,0,0,2022-23,5,2,0,1
2023-05-28,Leicester,West Ham,2,1,H,1,0,H,13,16,4,3,1,1,0,0,2022-23,3,2,0,1
2023-05-28,Leeds,Tottenham,1,4,A,0,1,A,19,11,2,7,3,0,0,0,2022-23,5,3,0,1
2023-05-28,Everton,Bournemouth,1,0,H,0,0,D,13,7,6,2,1,3,0,0,2022-23,1,4,0,0
2023-05-28,Crystal Palace,Nott'm Forest,1,1,D,0,1,A,16,7,4,4,0,2,0,0,2022-23,2,2,0,0
2023-05-28,Man United,Fulham,2,1,H,1,1,D,21,10,8,3,1,2,0,0,2022-23,3,3,0,1
2023-05-28,Brentford,Man City,1,0,H,0,0,D,11,17,4,3,4,0,0,0,2022-23,1,4,0,0
2023-05-28,Aston Villa,Brighton,2,1,H,2,1,H,12,8,5,4,4,4,0,0,2022-23,3,8,0,1
2023-05-28,Arsenal,Wolves,5,0,H,3,0,H,14,6,8,0,0,0,0,0,2022-23,5,0,0,1
2023-05-28,Chelsea,Newcastle,1,1,D,1,1,D,22,13,5,4,0,0,0,0,2022-23,2,0,0,0
2023-05-28,Southampton,Liverpool,4,4,D,2,2,D,15,30,10,8,0,2,0,0,2022-23,8,2,0,1
2023-08-11,Burnley,Man City,0,3,A,0,2,A,6,17,1,8,0,0,1,0,2023-24,3,0,1,1
2023-08-12,Arsenal,Nott'm Forest,2,1,H,2,0,H,15,6,7,2,2,2,0,0,2023-24,3,4,0,1
2023-08-12,Bournemouth,West Ham,1,1,D,0,0,D,14,16,5,3,1,4,0,0,2023-24,2,5,0,0
2023-08-12,Brighton,Luton,4,1,H,1,0,H,27,9,12,3,2,2,0,0,2023-24,5,4,0,1
2023-08-12,Everton,Fulham,0,1,A,0,0,D,19,9,9,2,0,2,0,0,2023-24,1,2,0,0
2023-08-12,Sheffield United,Crystal Palace,0,1,A,0,0,D,8,24,1,8,3,0,0,0,2023-24,1,3,0,0
2023-08-12,Newcastle,Aston Villa,5,1,H,2,1,H,17,16,13,6,4,4,0,0,2023-24,6,8,0,1
2023-08-13,Brentford,Tottenham,2,2,D,2,2,D,11,18,6,6,1,4,0,0,2023-24,4,5,0,1
2023-08-13,Chelsea,Liverpool,1,1,D,1,1,D,10,13,4,1,3,3,0,0,2023-24,2,6,0,0
2023-08-14,Man United,Wolves,1,0,H,0,0,D,15,23,3,6,2,3,0,0,2023-24,1,5,0,0
2023-08-18,Nott'm Forest,Sheffield United,2,1,H,1,0,H,16,7,4,3,2,3,0,0,2023-24,3,5,0,1
2023-08-19,Fulham,Brentford,0,3,A,0,1,A,10,17,2,8,2,2,1,0,2023-24,3,4,1,1
2023-08-19,Liverpool,Bournemouth,3,1,H,2,1,H,26,13,10,5,1,3,1,0,2023-24,4,4,1,1
2023-08-19,Wolves,Brighton,1,4,A,0,1,A,16,16,5,8,3,6,1,0,2023-24,5,9,1,1
2023-08-19,Tottenham,Man United,2,0,H,0,0,D,17,22,6,6,1,3,0,0,2023-24,2,4,0,0
2023-08-19,Man City,Newcastle,1,0,H,1,0,H,14,7,4,1,1,5,0,0,2023-24,1,6,0,0
2023-08-20,Aston Villa,Everton,4,0,H,2,0,H,13,9,7,2,3,4,0,0,2023-24,4,7,0,1
2023-08-20,West Ham,Chelsea,3,1,H,1,1,D,12,17,6,4,2,3,1,0,2023-24,4,5,1,1
2023-08-21,Crystal Palace,Arsenal,0,1,A,0,0,D,14,14,2,3,2,1,0,1,2023-24,1,3,1,0
2023-08-25,Chelsea,Luton,3,0,H,1,0,H,19,11,8,1,2,3,0,0,2023-24,3,5,0,1
2023-08-26,Brighton,West Ham,1,3,A,0,1,A,25,12,10,3,1,3,0,0,2023-24,4,4,0,1
2023-08-26,Man United,Nott'm Forest,3,2,H,1,2,A,18,9,9,4,4,4,0,1,2023-24,5,8,1,1
2023-08-26,Everton,Wolves,0,1,A,0,0,D,15,11,7,2,3,4,0,0,2023-24,1,7,0,0
2023-08-26,Arsenal,Fulham,2,2,D,0,1,A,19,8,11,3,0,3,0,1,2023-24,4,3,1,1
2023-08-26,Bournemouth,Tottenham,0,2,A,0,1,A,11,17,3,6,1,3,0,0,2023-24,2,4,0,0
2023-08-26,Brentford,Crystal Palace,1,1,D,1,0,H,12,15,1,5,0,0,0,0,2023-24,2,0,0,0
2023-08-27,Burnley,Aston Villa,1,3,A,0,2,A,9,16,2,6,2,0,0,0,2023-24,4,2,0,1
2023-08-27,Sheffield United,Man City,1,2,A,0,0,D,6,30,2,9,3,0,0,0,2023-24,3,3,0,1
2023-08-27,Newcastle,Liverpool,1,2,A,1,0,H,23,9,8,4,1,2,0,1,2023-24,3,3,1,1
2023-09-01,Luton,West Ham,1,2,A,0,1,A,16,9,1,3,1,1,0,0,2023-24,3,2,0,1
2023-09-02,Brighton,Newcastle,3,1,H,1,0,H,15,9,6,2,4,4,0,0,2023-24,4,8,0,1
2023-09-02,Chelsea,Nott'm Forest,0,1,A,0,0,D,21,7,2,3,3,4,0,0,2023-24,1,7,0,0
2023-09-02,Man City,Fulham,5,1,H,2,1,H,7,6,5,4,2,4,0,0,2023-24,6,6,0,1
2023-09-02,Brentford,Bournemouth,2,2,D,1,1,D,21,12,7,5,1,2,0,0,2023-24,4,3,0,1
2023-09-02,Sheffield United,Everton,2,2,D,2,1,H,13,16,8,6,1,2,0,0,2023-24,4,3,0,1
2023-09-02,Burnley,Tottenham,2,5,A,1,2,A,16,20,4,10,4,3,0,0,2023-24,7,7,0,1
2023-09-03,Crystal Palace,Wolves,3,2,H,0,0,D,16,12,11,4,1,3,0,0,2023-24,5,4,0,1
2023-09-03,Liverpool,Aston Villa,3,0,H,2,0,H,17,9,4,3,0,1,0,0,2023-24,3,1,0,1
2023-09-03,Arsenal,Man United,3,1,H,1,1,D,17,10,5,2,2,3,0,0,2023-24,4,5,0,1
2023-09-16,West Ham,Man City,1,3,A,1,0,H,6,29,3,15,3,2,0,0,2023-24,4,5,0,1
2023-09-16,Wolves,Liverpool,1,3,A,1,0,H,11,16,2,6,1,3,0,0,2023-24,4,4,0,1
2023-09-16,Aston Villa,Crystal Palace,3,1,H,0,0,D,16,6,5,3,5,3,0,0,2023-24,4,8,0,1
2023-09-16,Fulham,Luton,1,0,H,0,0,D,13,7,2,2,2,2,0,0,2023-24,1,4,0,0
2023-09-16,Man United,Brighton,1,3,A,0,1,A,14,10,4,8,2,2,0,0,2023-24,4,4,0,1
2023-09-16,Tottenham,Sheffield United,2,1,H,0,0,D,28,7,10,5,6,5,0,1,2023-24,3,11,1,1
2023-09-16,Newcastle,Brentford,1,0,H,0,0,D,9,11,2,2,3,5,0,0,2023-24,1,8,0,0
2023-09-17,Bournemouth,Chelsea,0,0,D,0,0,D,13,14,4,6,1,5,0,0,2023-24,0,6,0,0
2023-09-17,Everton,Arsenal,0,1,A,0,0,D,8,13,1,4,1,1,0,0,2023-24,1,2,0,0
2023-09-18,Nott'm Forest,Burnley,1,1,D,0,1,A,14,10,4,3,2,3,0,1,2023-24,2,5,1,0
2023-09-23,Crystal Palace,Fulham,0,0,D,0,0,D,7,10,3,5,3,2,0,0,2023-24,0,5,0,0
2023-09-23,Luton,Wolves,1,1,D,0,0,D,20,3,4,3,0,2,0,1,2023-24,2,2,1,0
2023-09-23,Man City,Nott'm Forest,2,0,H,2,0,H,7,10,4,3,3,7,1,0,2023-24,2,10,1,0
2023-09-23,Brentford,Everton,1,3,A,1,1,D,12,18,2,6,2,2,0,0,2023-24,4,4,0,1
2023-09-23,Burnley,Man United,0,1,A,0,1,A,12,11,4,4,1,2,0,0,2023-24,1,3,0,0
2023-09-24,Arsenal,Tottenham,2,2,D,1,1,D,13,13,6,5,3,4,0,0,2023-24,4,7,0,1
2023-09-24,Brighton,Bournemouth,3,1,H,1,1,D,13,12,4,4,3,3,0,0,2023-24,4,6,0,1
2023-09-24,Chelsea,Aston Villa,0,1,A,0,0,D,10,15,4,7,2,3,0,0,2023-24,1,5,0,0
2023-09-24,Liverpool,West Ham,3,1,H,1,1,D,22,11,7,4,0,2,0,0,2023-24,4,2,0,1
2023-09-24,Sheffield United,Newcastle,0,8,A,0,3,A,9,22,1,15,3,0,0,0,2023-24,8,3,0,1
2023-09-30,Tottenham,Liverpool,2,1,H,1,1,D,24,12,8,4,5,4,0,2,2023-24,3,9,2,1
2023-09-30,Wolves,Man City,2,1,H,1,0,H,3,23,1,8,5,4,0,0,2023-24,3,9,0,1
2023-09-30,West Ham,Sheffield United,2,0,H,2,0,H,20,16,9,2,1,1,0,0,2023-24,2,2,0,0
2023-09-30,Newcastle,Burnley,2,0,H,1,0,H,20,8,8,2,1,3,0,0,2023-24,2,4,0,0
2023-09-30,Bournemouth,Arsenal,0,4,A,0,2,A,8,15,1,8,0,1,0,0,2023-24,4,1,0,1
2023-09-30,Everton,Luton,1,2,A,1,2,A,23,9,5,2,0,1,0,0,2023-24,3,1,0,1
2023-09-30,Aston Villa,Brighton,6,1,H,3,0,H,19,11,9,3,4,4,0,0,2023-24,7,8,0,1
2023-09-30,Man United,Crystal Palace,0,1,A,0,1,A,19,8,4,2,3,2,0,0,2023-24,1,5,0,0
2023-10-01,Nott'm Forest,Brentford,1,1,D,0,0,D,6,18,1,5,1,2,1,0,2023-24,2,3,1,0
2023-10-02,Fulham,Chelsea,0,2,A,0,2,A,10,11,3,4,1,4,0,0,2023-24,2,5,0,0
2023-10-03,Luton,Burnley,1,2,A,0,1,A,18,14,3,4,4,2,0,0,2023-24,3,6,0,1
2023-10-07,Man United,Brentford,2,1,H,0,1,A,21,11,8,3,0,5,0,0,2023-24,3,5,0,1
2023-10-07,Crystal Palace,Nott'm Forest,0,0,D,0,0,D,8,16,2,5,0,1,0,0,2023-24,0,1,0,0
2023-10-07,Fulham,Sheffield United,3,1,H,0,0,D,20,5,6,2,1,2,0,0,2023-24,4,3,0,1
2023-10-07,Everton,Bournemouth,3,0,H,2,0,H,25,11,8,4,1,2,0,0,2023-24,3,3,0,1
2023-10-07,Burnley,Chelsea,1,4,A,1,1,D,10,9,3,5,2,4,0,0,2023-24,5,6,0,1
2023-10-07,Luton,Tottenham,0,1,A,0,0,D,12,15,2,4,2,1,0,1,2023-24,1,3,1,0
2023-10-08,Brighton,Liverpool,2,2,D,1,2,A,14,14,3,4,1,2,0,0,2023-24,4,3,0,1
2023-10-08,West Ham,Newcastle,2,2,D,1,0,H,5,10,3,3,3,3,0,0,2023-24,4,6,0,1
2023-10-08,Wolves,Aston Villa,1,1,D,0,0,D,8,18,3,4,2,2,1,0,2023-24,2,4,1,0
2023-10-08,Arsenal,Man City,1,0,H,0,0,D,12,4,2,1,2,3,0,0,2023-24,1,5,0,0
2023-10-21,Sheffield United,Man United,1,2,A,1,1,D,12,14,6,5,3,1,0,0,2023-24,3,4,0,1
2023-10-21,Chelsea,Arsenal,2,2,D,1,0,H,11,13,5,3,3,3,0,0,2023-24,4,6,0,1
2023-10-21,Newcastle,Crystal Palace,4,0,H,3,0,H,10,17,7,3,2,3,0,0,2023-24,4,5,0,1
2023-10-21,Nott'm Forest,Luton,2,2,D,0,0,D,19,13,8,4,3,0,0,0,2023-24,4,3,0,1
2023-10-21,Brentford,Burnley,3,0,H,1,0,H,23,6,10,1,5,2,0,1,2023-24,3,7,1,1
2023-10-21,Bournemouth,Wolves,1,2,A,1,0,H,7,20,4,7,2,6,1,0,2023-24,3,8,1,1
2023-10-21,Liverpool,Everton,2,0,H,0,0,D,26,6,6,1,1,1,0,1,2023-24,2,2,1,0
2023-10-21,Man City,Brighton,2,1,H,2,0,H,10,5,6,3,2,2,1,0,2023-24,3,4,1,1
2023-10-22,Aston Villa,West Ham,4,1,H,1,0,H,15,14,7,4,0,1,0,0,2023-24,5,1,0,1
2023-10-23,Tottenham,Fulham,2,0,H,1,0,H,15,10,5,3,2,0,0,0,2023-24,2,2,0,0
2023-10-27,Crystal Palace,Tottenham,1,2,A,0,0,D,13,10,3,1,2,1,0,0,2023-24,3,3,0,1
2023-10-28,Chelsea,Brentford,0,2,A,0,0,D,17,7,2,5,1,4,0,0,2023-24,2,5,0,0
2023-10-28,Arsenal,Sheffield United,5,0,H,1,0,H,13,2,8,0,0,3,0,0,2023-24,5,3,0,1
2023-10-28,Bournemouth,Burnley,2,1,H,1,1,D,13,6,6,3,2,3,0,0,2023-24,3,5,0,1
2023-10-28,Wolves,Newcastle,2,2,D,1,2,A,11,13,6,5,1,4,0,0,2023-24,4,5,0,1
2023-10-29,Man United,Man City,0,3,A,0,1,A,7,21,3,10,4,1,0,0,2023-24,3,5,0,1
2023-10-29,Liverpool,Nott'm Forest,3,0,H,2,0,H,21,9,8,1,2,3,0,0,2023-24,3,5,0,1
2023-10-29,West Ham,Everton,0,1,A,0,0,D,12,10,2,4,4,1,0,0,2023-24,1,5,0,0
2023-10-29,Aston Villa,Luton,3,1,H,1,0,H,17,7,6,1,3,2,0,0,2023-24,4,5,0,1
2023-10-29,Brighton,Fulham,1,1,D,1,0,H,18,10,7,5,0,3,0,0,2023-24,2,3,0,0
2023-11-04,Fulham,Man United,0,1,A,0,0,D,18,12,3,5,5,2,0,0,2023-24,1,7,0,0
2023-11-04,Brentford,West Ham,3,2,H,1,2,A,16,12,4,2,1,4,0,0,2023-24,5,5,0,1
2023-11-04,Burnley,Crystal Palace,0,2,A,0,1,A,17,4,5,3,0,5,0,0,2023-24,2,5,0,0
2023-11-04,Everton,Brighton,1,1,D,1,0,H,10,7,4,2,4,2,0,0,2023-24,2,6,0,0
2023-11-04,Man City,Bournemouth,6,1,H,3,0,H,21,5,8,1,0,1,0,0,2023-24,7,1,0,1
2023-11-04,Sheffield United,Wolves,2,1,H,0,0,D,11,10,2,3,2,3,0,0,2023-24,3,5,0,1
2023-11-04,Newcastle,Arsenal,1,0,H,0,0,D,9,14,2,1,5,1,0,0,2023-24,1,6,0,0
2023-11-05,Nott'm Forest,Aston Villa,2,0,H,1,0,H,5,13,3,3,1,1,0,0,2023-24,2,2,0,0
2023-11-05,Luton,Liverpool,1,1,D,0,0,D,8,24,5,6,1,1,0,0,2023-24,2,2,0,0
2023-11-06,Tottenham,Chelsea,1,4,A,1,1,D,8,17,5,8,1,5,2,0,2023-24,5,6,2,1
2023-11-11,Bournemouth,Newcastle,2,0,H,0,0,D,19,8,10,5,2,1,0,0,2023-24,2,3,0,0
2023-11-11,Man United,Luton,1,0,H,0,0,D,15,10,4,4,0,2,0,0,2023-24,1,2,0,0
2023-11-11,Arsenal,Burnley,3,1,H,1,0,H,16,8,6,5,0,1,1,0,2023-24,4,1,1,1
2023-11-11,Wolves,Tottenham,2,1,H,0,1,A,17,6,4,2,4,3,0,0,2023-24,3,7,0,1
2023-11-11,Crystal Palace,Everton,2,3,A,1,1,D,13,8,4,4,1,4,0,0,2023-24,5,5,0,1
2023-11-12,Aston Villa,Fulham,3,1,H,2,0,H,12,9,6,5,2,5,0,0,2023-24,4,7,0,1
2023-11-12,Brighton,Sheffield United,1,1,D,1,0,H,11,9,6,1,3,2,1,0,2023-24,2,5,1,0
2023-11-12,Liverpool,Brentford,3,0,H,1,0,H,17,16,10,3,1,2,0,0,2023-24,3,3,0,1
2023-11-12,West Ham,Nott'm Forest,3,2,H,1,1,D,16,10,6,5,2,2,0,0,2023-24,5,4,0,1
2023-11-12,Chelsea,Man City,4,4,D,2,2,D,17,15,9,10,5,3,0,0,2023-24,8,8,0,1
2023-11-25,Sheffield United,Bournemouth,1,3,A,0,2,A,10,23,2,11,4,1,0,0,2023-24,4,5,0,1
2023-11-25,Brentford,Arsenal,0,1,A,0,0,D,9,15,3,4,1,1,0,0,2023-24,1,2,0,0
2023-11-25,Nott'm Forest,Brighton,2,3,A,1,2,A,18,11,5,5,2,4,0,1,2023-24,5,6,1,1
2023-11-25,Luton,Crystal Palace,2,1,H,0,0,D,8,16,3,8,6,1,0,0,2023-24,3,7,0,1
2023-11-25,Burnley,West Ham,1,2,A,0,0,D,11,11,5,3,1,3,0,0,2023-24,3,4,0,1
2023-11-25,Newcastle,Chelsea,4,1,H,1,1,D,14,7,5,4,4,4,0,1,2023-24,5,8,1,1
2023-11-25,Man City,Liverpool,1,1,D,1,0,H,16,8,5,3,1,3,0,0,2023-24,2,4,0,0
2023-11-26,Tottenham,Aston Villa,1,2,A,1,1,D,18,15,8,5,0,4,0,0,2023-24,3,4,0,1
2023-11-26,Everton,Man United,0,3,A,0,1,A,24,9,6,4,3,0,0,0,2023-24,3,3,0,1
2023-11-27,Fulham,Wolves,3,2,H,1,1,D,12,10,6,6,2,2,0,0,2023-24,5,4,0,1
2023-12-02,Nott'm Forest,Everton,0,1,A,0,0,D,13,12,2,3,1,0,0,0,2023-24,1,1,0,0
2023-12-02,Burnley,Sheffield United,5,0,H,2,0,H,19,6,7,3,2,5,0,1,2023-24,5,7,1,1
2023-12-02,Newcastle,Man United,1,0,H,0,0,D,22,8,4,1,1,2,0,0,2023-24,1,3,0,0
2023-12-02,Arsenal,Wolves,2,1,H,2,0,H,19,6,6,3,1,2,0,0,2023-24,3,3,0,1
2023-12-02,Brentford,Luton,3,1,H,0,0,D,27,7,6,1,1,2,0,0,2023-24,4,3,0,1
2023-12-03,Bournemouth,Aston Villa,2,2,D,1,1,D,15,11,7,3,5,3,0,0,2023-24,4,8,0,1
2023-12-03,Chelsea,Brighton,3,2,H,2,1,H,8,18,5,9,3,5,1,0,2023-24,5,8,1,1
2023-12-03,Liverpool,Fulham,4,3,H,2,2,D,26,9,12,5,0,0,0,0,2023-24,7,0,0,1
2023-12-03,West Ham,Crystal Palace,1,1,D,1,0,H,9,9,3,2,2,0,0,0,2023-24,2,2,0,0
2023-12-03,Man City,Tottenham,3,3,D,2,1,H,18,8,4,4,4,4,0,0,2023-24,6,8,0,1
2023-12-05,Wolves,Burnley,1,0,H,1,0,H,7,12,4,3,2,4,0,0,2023-24,1,6,0,0
2023-12-05,Luton,Arsenal,3,4,A,1,2,A,6,23,4,9,2,1,0,0,2023-24,7,3,0,1
2023-12-06,Sheffield United,Liverpool,0,2,A,0,1,A,6,15,1,8,2,3,0,0,2023-24,2,5,0,0
2023-12-06,Aston Villa,Man City,1,0,H,0,0,D,22,2,7,2,2,2,0,0,2023-24,1,4,0,0
2023-12-06,Man United,Chelsea,2,1,H,1,1,D,28,13,9,3,4,0,0,0,2023-24,3,4,0,1
2023-12-06,Fulham,Nott'm Forest,5,0,H,2,0,H,14,4,6,1,0,1,0,0,2023-24,5,1,0,1
2023-12-06,Brighton,Brentford,2,1,H,1,1,D,18,8,7,2,3,1,0,0,2023-24,3,4,0,1
2023-12-06,Crystal Palace,Bournemouth,0,2,A,0,1,A,16,11,3,4,1,3,0,0,2023-24,2,4,0,0
2023-12-07,Everton,Newcastle,3,0,H,0,0,D,21,13,6,3,3,0,0,0,2023-24,3,3,0,1
2023-12-07,Tottenham,West Ham,1,2,A,1,0,H,23,11,7,5,3,3,0,0,2023-24,3,6,0,1
2023-12-09,Wolves,Nott'm Forest,1,1,D,1,1,D,10,8,4,2,0,1,0,0,2023-24,2,1,0,0
2023-12-09,Sheffield United,Brentford,1,0,H,1,0,H,9,10,4,4,5,1,0,0,2023-24,1,6,0,0
2023-12-09,Aston Villa,Arsenal,1,0,H,1,0,H,10,12,3,5,4,2,0,0,2023-24,1,6,0,0
2023-12-09,Brighton,Burnley,1,1,D,0,1,A,29,6,11,3,0,4,0,0,2023-24,2,4,0,0
2023-12-09,Crystal Palace,Liverpool,1,2,A,0,0,D,8,14,4,2,5,2,1,0,2023-24,3,7,1,1
2023-12-09,Man United,Bournemouth,0,3,A,0,1,A,20,10,3,4,3,1,0,0,2023-24,3,4,0,1
2023-12-10,Everton,Chelsea,2,0,H,0,0,D,9,16,5,4,2,2,0,0,2023-24,2,4,0,0
2023-12-10,Fulham,West Ham,5,0,H,3,0,H,14,9,8,5,2,1,0,0,2023-24,5,3,0,1
2023-12-10,Luton,Man City,1,2,A,1,0,H,4,18,2,6,2,1,0,0,2023-24,3,3,0,1
2023-12-10,Tottenham,Newcastle,4,1,H,2,0,H,23,9,12,3,1,3,0,0,2023-24,5,4,0,1
2023-12-15,Nott'm Forest,Tottenham,0,2,A,0,1,A,15,12,1,6,2,4,0,1,2023-24,2,6,1,0
2023-12-16,Burnley,Everton,0,2,A,0,2,A,14,9,2,6,0,1,0,0,2023-24,2,1,0,0
2023-12-16,Chelsea,Sheffield United,2,0,H,0,0,D,15,6,6,1,1,3,0,0,2023-24,2,4,0,0
2023-12-16,Man City,Crystal Palace,2,2,D,1,0,H,19,5,9,2,1,1,0,0,2023-24,4,2,0,1
2023-12-16,Newcastle,Fulham,3,0,H,0,0,D,27,6,10,4,0,2,0,1,2023-24,3,2,1,1
2023-12-17,West Ham,Wolves,3,0,H,2,0,H,13,14,4,3,3,1,0,0,2023-24,3,4,0,1
2023-12-17,Liverpool,Man United,0,0,D,0,0,D,34,6,8,1,2,4,0,1,2023-24,0,6,1,0
2023-12-17,Arsenal,Brighton,2,0,H,0,0,D,26,6,9,1,1,3,0,0,2023-24,2,4,0,0
2023-12-17,Brentford,Aston Villa,1,2,A,1,0,H,4,15,3,5,6,4,1,1,2023-24,3,10,2,1
2023-12-21,Crystal Palace,Brighton,1,1,D,1,0,H,11,18,3,6,5,2,0,0,2023-24,2,7,0,0
2023-12-22,Aston Villa,Sheffield United,1,1,D,0,0,D,12,5,4,2,3,3,0,0,2023-24,2,6,0,0
2023-12-23,West Ham,Man United,2,0,H,0,0,D,12,11,5,3,2,3,0,0,2023-24,2,5,0,0
2023-12-23,Fulham,Burnley,0,2,A,0,0,D,19,7,5,2,2,1,0,0,2023-24,2,3,0,0
2023-12-23,Luton,Newcastle,1,0,H,1,0,H,16,15,5,2,2,1,0,0,2023-24,1,3,0,0
2023-12-23,Nott'm Forest,Bournemouth,2,3,A,0,0,D,11,18,5,7,0,3,1,0,2023-24,5,3,1,1
2023-12-23,Tottenham,Everton,2,1,H,2,0,H,13,18,6,8,1,4,0,0,2023-24,3,5,0,1
2023-12-23,Liverpool,Arsenal,1,1,D,1,1,D,13,13,3,2,2,5,0,0,2023-24,2,7,0,0
2023-12-24,Wolves,Chelsea,2,1,H,0,0,D,14,16,6,5,3,5,0,0,2023-24,3,8,0,1
2023-12-26,Man United,Aston Villa,3,2,H,0,2,A,13,10,7,4,1,3,0,0,2023-24,5,4,0,1
2023-12-26,Burnley,Liverpool,0,2,A,0,1,A,9,19,0,10,2,1,0,0,2023-24,2,3,0,0
2023-12-26,Newcastle,Nott'm Forest,1,3,A,1,1,D,19,15,7,6,3,3,0,0,2023-24,4,6,0,1
2023-12-26,Bournemouth,Fulham,3,0,H,1,0,H,16,8,4,3,0,2,0,0,2023-24,3,2,0,1
2023-12-26,Sheffield United,Luton,2,3,A,0,1,A,21,12,6,4,5,0,0,0,2023-24,5,5,0,1
2023-12-27,Brentford,Wolves,1,4,A,1,3,A,14,11,4,5,1,1,0,0,2023-24,5,2,0,1
2023-12-27,Chelsea,Crystal Palace,2,1,H,1,1,D,9,13,4,5,3,2,0,0,2023-24,3,5,0,1
2023-12-27,Everton,Man City,1,3,A,1,0,H,7,23,2,9,4,2,0,0,2023-24,4,6,0,1
2023-12-28,Brighton,Tottenham,4,2,H,2,0,H,15,19,9,3,3,2,0,0,2023-24,6,5,0,1
2023-12-28,Arsenal,West Ham,0,2,A,0,1,A,30,6,8,3,2,0,0,0,2023-24,2,2,0,0
2023-12-30,Wolves,Everton,3,0,H,1,0,H,12,10,6,0,2,3,0,0,2023-24,3,5,0,1
2023-12-30,Nott'm Forest,Man United,2,1,H,0,0,D,8,10,2,5,2,4,0,0,2023-24,3,6,0,1
2023-12-30,Man City,Sheffield United,2,0,H,1,0,H,18,4,4,2,1,1,0,0,2023-24,2,2,0,0
2023-12-30,Aston Villa,Burnley,3,2,H,2,1,H,19,9,7,5,4,1,0,1,2023-24,5,5,1,1
2023-12-30,Crystal Palace,Brentford,3,1,H,2,1,H,13,9,6,4,0,1,0,0,2023-24,4,1,0,1
2023-12-30,Luton,Chelsea,2,3,A,0,2,A,15,12,6,8,2,2,0,0,2023-24,5,4,0,1
2023-12-31,Fulham,Arsenal,2,1,H,1,1,D,15,13,4,3,4,1,0,0,2023-24,3,5,0,1
2023-12-31,Tottenham,Bournemouth,3,1,H,1,0,H,12,24,6,4,3,3,0,0,2023-24,4,6,0,1
2024-01-01,Liverpool,Newcastle,4,2,H,0,0,D,34,5,15,3,3,5,0,0,2023-24,6,8,0,1
2024-01-02,West Ham,Brighton,0,0,D,0,0,D,6,22,2,8,1,0,0,0,2023-24,0,1,0,0
2024-01-12,Burnley,Luton,1,1,D,1,0,H,13,14,7,5,1,0,0,0,2023-24,2,1,0,0
2024-01-13,Chelsea,Fulham,1,0,H,1,0,H,17,14,3,4,5,1,0,0,2023-24,1,6,0,0
2024-01-13,Newcastle,Man City,2,3,A,2,1,H,12,27,5,11,1,2,0,0,2023-24,5,3,0,1
2024-01-14,Everton,Aston Villa,0,0,D,0,0,D,10,16,2,5,1,4,0,0,2023-24,0,5,0,0
2024-01-14,Man United,Tottenham,2,2,D,2,1,H,9,16,2,6,2,1,0,0,2023-24,4,3,0,1
2024-01-20,Brentford,Nott'm Forest,3,2,H,1,1,D,11,12,5,3,1,3,0,0,2023-24,5,4,0,1
2024-01-20,Arsenal,Crystal Palace,5,0,H,2,0,H,21,12,6,5,0,0,0,0,2023-24,5,0,0,1
2024-01-21,Sheffield United,West Ham,2,2,D,1,1,D,21,16,6,5,3,1,1,1,2023-24,4,4,2,1
2024-01-21,Bournemouth,Liverpool,0,4,A,0,0,D,11,14,1,7,1,2,0,0,2023-24,4,3,0,1
2024-01-22,Brighton,Wolves,0,0,D,0,0,D,11,8,4,3,1,4,0,0,2023-24,0,5,0,0
2024-01-30,Nott'm Forest,Arsenal,1,2,A,0,0,D,9,19,3,3,0,1,0,0,2023-24,3,1,0,1
2024-01-30,Fulham,Everton,0,0,D,0,0,D,25,21,6,4,1,2,0,0,2023-24,0,3,0,0
2024-01-30,Luton,Brighton,4,0,H,3,0,H,18,9,8,2,2,2,0,0,2023-24,4,4,0,1
2024-01-30,Crystal Palace,Sheffield United,3,2,H,2,2,D,12,9,4,5,1,4,0,0,2023-24,5,5,0,1
2024-01-30,Aston Villa,Newcastle,1,3,A,0,2,A,12,14,6,5,4,1,0,0,2023-24,4,5,0,1
2024-01-31,Liverpool,Chelsea,4,1,H,2,0,H,28,4,13,3,2,4,0,0,2023-24,5,6,0,1
2024-01-31,Tottenham,Brentford,3,2,H,0,1,A,19,9,5,5,2,3,0,0,2023-24,5,5,0,1
2024-01-31,Man City,Burnley,3,1,H,2,0,H,14,8,4,3,2,2,0,0,2023-24,4,4,0,1
2024-02-01,Wolves,Man United,3,4,A,0,2,A,16,21,7,8,2,5,0,0,2023-24,7,7,0,1
2024-02-01,West Ham,Bournemouth,1,1,D,0,1,A,9,9,3,4,1,3,0,0,2023-24,2,4,0,0
2024-02-03,Everton,Tottenham,2,2,D,1,2,A,14,9,5,6,3,0,0,0,2023-24,4,3,0,1
2024-02-03,Brighton,Crystal Palace,4,1,H,3,0,H,13,7,6,5,1,3,0,0,2023-24,5,4,0,1
2024-02-03,Burnley,Fulham,2,2,D,0,2,A,12,15,4,7,2,2,0,0,2023-24,4,4,0,1
2024-02-03,Newcastle,Luton,4,4,D,2,2,D,19,11,6,8,2,2,0,0,2023-24,8,4,0,1
2024-02-03,Sheffield United,Aston Villa,0,5,A,0,4,A,10,14,5,10,1,0,0,0,2023-24,5,1,0,1
2024-02-04,Man United,West Ham,3,0,H,1,0,H,12,22,5,3,0,1,0,0,2023-24,3,1,0,1
2024-02-04,Arsenal,Liverpool,3,1,H,1,1,D,15,10,7,1,6,2,0,1,2023-24,4,8,1,1
2024-02-04,Bournemouth,Nott'm Forest,1,1,D,1,1,D,9,8,2,6,3,2,1,0,2023-24,2,5,1,0
2024-02-04,Chelsea,Wolves,2,4,A,1,2,A,15,14,6,7,3,2,0,0,2023-24,6,5,0,1
2024-02-05,Brentford,Man City,1,3,A,1,1,D,9,25,3,15,1,0,0,0,2023-24,4,1,0,1
2024-02-10,Wolves,Brentford,0,2,A,0,1,A,17,9,5,6,2,3,0,0,2023-24,2,5,0,0
2024-02-10,Man City,Everton,2,0,H,0,0,D,19,5,3,1,0,2,0,0,2023-24,2,2,0,0
2024-02-10,Fulham,Bournemouth,3,1,H,2,0,H,7,25,6,4,1,2,0,0,2023-24,4,3,0,1
2024-02-10,Liverpool,Burnley,3,1,H,1,1,D,25,9,10,4,3,2,0,0,2023-24,4,5,0,1
2024-02-10,Luton,Sheffield United,1,3,A,0,2,A,20,7,5,3,1,2,0,0,2023-24,4,3,0,1
2024-02-10,Tottenham,Brighton,2,1,H,0,1,A,16,6,6,3,2,3,0,0,2023-24,3,5,0,1
2024-02-10,Nott'm Forest,Newcastle,2,3,A,2,2,D,13,7,3,5,1,2,0,0,2023-24,5,3,0,1
2024-02-11,Aston Villa,Man United,1,2,A,0,1,A,23,17,10,5,3,2,0,0,2023-24,3,5,0,1
2024-02-11,West Ham,Arsenal,0,6,A,0,4,A,5,25,1,12,4,0,0,0,2023-24,6,4,0,1
2024-02-12,Crystal Palace,Chelsea,1,3,A,1,0,H,13,14,4,5,2,2,0,0,2023-24,4,4,0,1
2024-02-17,Man City,Chelsea,1,1,D,0,1,A,31,9,5,6,1,3,0,0,2023-24,2,4,0,0
2024-02-17,Tottenham,Wolves,1,2,A,0,1,A,15,12,4,7,0,1,0,0,2023-24,3,1,0,1
2024-02-17,Nott'm Forest,West Ham,2,0,H,1,0,H,19,10,8,3,4,4,0,1,2023-24,2,8,1,0
2024-02-17,Burnley,Arsenal,0,5,A,0,2,A,8,16,0,7,2,1,0,0,2023-24,5,3,0,1
2024-02-17,Fulham,Aston Villa,1,2,A,0,1,A,15,12,4,3,5,2,0,0,2023-24,3,7,0,1
2024-02-17,Newcastle,Bournemouth,2,2,D,0,0,D,17,12,5,7,1,3,0,0,2023-24,4,4,0,1
2024-02-17,Brentford,Liverpool,1,4,A,0,1,A,15,15,6,8,2,1,0,0,2023-24,5,3,0,1
2024-02-18,Sheffield United,Brighton,0,5,A,0,2,A,6,24,1,10,1,4,1,0,2023-24,5,5,1,1
2024-02-18,Luton,Man United,1,2,A,1,2,A,22,21,4,9,3,5,0,0,2023-24,3,8,0,1
2024-02-19,Everton,Crystal Palace,1,1,D,0,0,D,19,10,4,4,0,2,0,0,2023-24,2,2,0,0
2024-02-20,Man City,Brentford,1,0,H,0,0,D,25,6,11,2,2,4,0,0,2023-24,1,6,0,0
2024-02-21,Liverpool,Luton,4,1,H,0,1,A,29,12,13,3,1,4,0,0,2023-24,5,5,0,1
2024-02-24,Crystal Palace,Burnley,3,0,H,0,0,D,15,2,6,0,3,1,0,1,2023-24,3,4,1,1
2024-02-24,Arsenal,Newcastle,4,1,H,2,0,H,18,3,8,2,1,0,0,0,2023-24,5,1,0,1
2024-02-24,Bournemouth,Man City,0,1,A,0,1,A,13,15,4,6,2,2,0,0,2023-24,1,4,0,0
2024-02-24,Brighton,Everton,1,1,D,0,0,D,23,6,7,3,2,3,1,0,2023-24,2,5,1,0
2024-02-24,Aston Villa,Nott'm Forest,4,2,H,3,1,H,16,10,6,3,1,2,0,0,2023-24,6,3,0,1
2024-02-24,Man United,Fulham,1,2,A,0,0,D,21,17,9,5,2,5,0,0,2023-24,3,7,0,1
2024-02-25,Wolves,Sheffield United,1,0,H,1,0,H,13,12,2,4,2,1,0,0,2023-24,1,3,0,0
2024-02-26,West Ham,Brentford,4,2,H,2,1,H,17,14,6,8,1,2,0,0,2023-24,6,3,0,1
2024-03-02,Nott'm Forest,Liverpool,0,1,A,0,0,D,8,22,2,2,2,2,0,0,2023-24,1,4,0,0
2024-03-02,Tottenham,Crystal Palace,3,1,H,0,0,D,14,4,6,1,1,2,0,0,2023-24,4,3,0,1
2024-03-02,Luton,Aston Villa,2,3,A,0,2,A,13,12,5,8,1,4,0,0,2023-24,5,5,0,1
2024-03-02,Newcastle,Wolves,3,0,H,2,0,H,14,12,7,3,0,1,0,0,2023-24,3,1,0,1
2024-03-02,Everton,West Ham,1,3,A,0,0,D,22,12,11,5,1,2,0,0,2023-24,4,3,0,1
2024-03-02,Brentford,Chelsea,2,2,D,0,1,A,14,17,5,6,3,1,0,0,2023-24,4,4,0,1
2024-03-02,Fulham,Brighton,3,0,H,2,0,H,12,15,5,5,1,2,0,0,2023-24,3,3,0,1
2024-03-03,Burnley,Bournemouth,0,2,A,0,1,A,20,10,6,3,2,4,0,0,2023-24,2,6,0,0
2024-03-03,Man City,Man United,3,1,H,0,1,A,27,3,8,1,0,1,0,0,2023-24,4,1,0,1
2024-03-04,Sheffield United,Arsenal,0,6,A,0,5,A,4,22,0,10,1,0,0,0,2023-24,6,1,0,1
2024-03-09,Arsenal,Brentford,2,1,H,1,1,D,17,9,6,4,2,4,0,0,2023-24,3,6,0,1
2024-03-09,Crystal Palace,Luton,1,1,D,1,0,H,21,8,4,2,2,3,0,0,2023-24,2,5,0,0
2024-03-09,Wolves,Fulham,2,1,H,0,0,D,8,23,3,6,2,2,0,0,2023-24,3,4,0,1
2024-03-09,Man United,Everton,2,0,H,2,0,H,15,23,8,6,1,2,0,0,2023-24,2,3,0,0
2024-03-09,Bournemouth,Sheffield United,2,2,D,0,1,A,32,13,12,9,3,5,0,0,2023-24,4,8,0,1
2024-03-10,Aston Villa,Tottenham,0,4,A,0,0,D,10,9,1,5,0,2,1,0,2023-24,4,2,1,1
2024-03-10,Brighton,Nott'm Forest,1,0,H,1,0,H,10,9,3,4,4,4,0,0,2023-24,1,8,0,0
2024-03-10,West Ham,Burnley,2,2,D,0,2,A,22,11,4,4,2,4,0,0,2023-24,4,6,0,1
2024-03-10,Liverpool,Man City,1,1,D,0,1,A,19,10,6,6,0,3,0,0,2023-24,2,3,0,0
2024-03-11,Chelsea,Newcastle,3,2,H,1,1,D,12,11,8,3,3,1,0,0,2023-24,5,4,0,1
2024-03-13,Bournemouth,Luton,4,3,H,0,3,A,24,8,10,4,1,2,0,0,2023-24,7,3,0,1
2024-03-16,Luton,Nott'm Forest,1,1,D,0,1,A,10,16,4,6,1,2,0,0,2023-24,2,3,0,0
2024-03-16,Burnley,Brentford,2,1,H,1,0,H,17,9,6,5,2,4,0,1,2023-24,3,6,1,1
2024-03-16,Fulham,Tottenham,3,0,H,1,0,H,16,14,7,5,2,3,0,0,2023-24,3,5,0,1
2024-03-17,West Ham,Aston Villa,1,1,D,1,0,H,13,13,5,5,3,3,0,0,2023-24,2,6,0,0
2024-03-30,Aston Villa,Wolves,2,0,H,1,0,H,11,13,5,3,3,4,0,0,2023-24,2,7,0,0
2024-03-30,Tottenham,Luton,2,1,H,0,1,A,17,7,4,3,2,4,0,0,2023-24,3,6,0,1
2024-03-30,Brentford,Man United,1,1,D,0,0,D,31,11,5,5,2,2,0,0,2023-24,2,4,0,0
2024-03-30,Sheffield United,Fulham,3,3,D,0,0,D,8,24,4,9,4,1,0,0,2023-24,6,5,0,1
2024-03-30,Chelsea,Burnley,2,2,D,1,0,H,33,18,13,7,2,2,0,1,2023-24,4,4,1,1
2024-03-30,Bournemouth,Everton,2,1,H,0,0,D,11,7,4,3,1,2,0,0,2023-24,3,3,0,1
2024-03-30,Newcastle,West Ham,4,3,H,1,2,A,24,10,9,4,1,1,1,0,2023-24,7,2,1,1
2024-03-30,Nott'm Forest,Crystal Palace,1,1,D,0,1,A,12,10,5,3,1,1,0,0,2023-24,2,2,0,0
2024-03-31,Liverpool,Brighton,2,1,H,1,1,D,30,9,8,3,5,3,0,0,2023-24,3,8,0,1
2024-03-31,Man City,Arsenal,0,0,D,0,0,D,12,6,1,2,0,2,0,0,2023-24,0,2,0,0
2024-04-02,West Ham,Tottenham,1,1,D,1,1,D,11,13,4,4,1,4,0,0,2023-24,2,5,0,0
2024-04-02,Bournemouth,Crystal Palace,1,0,H,0,0,D,11,3,6,2,3,2,0,0,2023-24,1,5,0,0
2024-04-02,Burnley,Wolves,1,1,D,1,1,D,13,8,6,2,0,2,0,0,2023-24,2,2,0,0
2024-04-02,Newcastle,Everton,1,1,D,1,0,H,18,10,6,3,0,3,0,0,2023-24,2,3,0,0
2024-04-02,Nott'm Forest,Fulham,3,1,H,3,0,H,16,18,4,3,0,0,0,0,2023-24,4,0,0,1
2024-04-03,Arsenal,Luton,2,0,H,2,0,H,13,5,4,1,1,1,0,0,2023-24,2,2,0,0
2024-04-03,Brentford,Brighton,0,0,D,0,0,D,5,24,2,6,1,1,0,0,2023-24,0,2,0,0
2024-04-03,Man City,Aston Villa,4,1,H,2,1,H,25,8,11,3,1,2,0,0,2023-24,5,3,0,1
2024-04-04,Liverpool,Sheffield United,3,1,H,1,0,H,29,8,9,3,0,1,0,0,2023-24,4,1,0,1
2024-04-04,Chelsea,Man United,4,3,H,2,2,D,28,19,10,5,3,0,0,0,2023-24,7,3,0,1
2024-04-06,Luton,Bournemouth,2,1,H,0,0,D,19,8,9,1,0,0,0,0,2023-24,3,0,0,1
2024-04-06,Brighton,Arsenal,0,3,A,0,1,A,10,20,2,7,1,2,0,0,2023-24,3,3,0,1
2024-04-06,Fulham,Newcastle,0,1,A,0,0,D,14,12,4,5,1,2,0,0,2023-24,1,3,0,0
2024-04-06,Wolves,West Ham,1,2,A,1,0,H,14,11,7,4,5,2,0,0,2023-24,3,7,0,1
2024-04-06,Aston Villa,Brentford,3,3,D,1,0,H,11,8,3,3,2,2,0,0,2023-24,6,4,0,1
2024-04-06,Everton,Burnley,1,0,H,1,0,H,12,6,3,1,2,1,0,1,2023-24,1,3,1,0
2024-04-06,Crystal Palace,Man City,2,4,A,1,1,D,7,18,4,8,1,1,0,0,2023-24,6,2,0,1
2024-04-07,Man United,Liverpool,2,2,D,0,1,A,9,28,5,7,5,2,0,0,2023-24,4,7,0,1
2024-04-07,Sheffield United,Chelsea,2,2,D,1,1,D,11,6,6,3,4,2,0,0,2023-24,4,6,0,1
2024-04-07,Tottenham,Nott'm Forest,3,1,H,1,1,D,17,13,7,6,2,3,0,0,2023-24,4,5,0,1
2024-04-13,Nott'm Forest,Wolves,2,2,D,1,1,D,18,11,9,4,2,3,0,0,2023-24,4,5,0,1
2024-04-13,Man City,Luton,5,1,H,1,0,H,33,4,13,2,1,0,0,0,2023-24,6,1,0,1
2024-04-13,Bournemouth,Man United,2,2,D,2,1,H,20,8,5,2,4,0,0,0,2023-24,4,4,0,1
2024-04-13,Brentford,Sheffield United,2,0,H,0,0,D,9,8,5,2,3,1,0,0,2023-24,2,4,0,0
2024-04-13,Newcastle,Tottenham,4,0,H,2,0,H,18,11,5,2,0,4,0,0,2023-24,4,4,0,1
2024-04-13,Burnley,Brighton,1,1,D,0,0,D,11,20,3,8,1,2,0,0,2023-24,2,3,0,0
2024-04-14,Liverpool,Crystal Palace,0,1,A,0,1,A,21,8,6,5,1,1,0,0,2023-24,1,2,0,0
2024-04-14,West Ham,Fulham,0,2,A,0,1,A,15,18,4,10,1,2,0,0,2023-24,2,3,0,0
2024-04-14,Arsenal,Aston Villa,0,2,A,0,0,D,18,11,4,2,3,1,0,0,2023-24,2,4,0,0
2024-04-15,Chelsea,Everton,6,0,H,4,0,H,14,10,10,2,1,4,0,0,2023-24,6,5,0,1
2024-04-20,Luton,Brentford,1,5,A,0,2,A,6,21,3,9,1,2,0,0,2023-24,6,3,0,1
2024-04-20,Sheffield United,Burnley,1,4,A,0,2,A,18,16,11,9,1,0,0,0,2023-24,5,1,0,1
2024-04-20,Wolves,Arsenal,0,2,A,0,1,A,5,24,3,9,3,2,0,0,2023-24,2,5,0,0
2024-04-21,Crystal Palace,West Ham,5,2,H,4,1,H,18,4,7,1,3,2,0,0,2023-24,7,5,0,1
2024-04-21,Everton,Nott'm Forest,2,0,H,1,0,H,7,8,4,3,3,2,0,0,2023-24,2,5,0,0
2024-04-21,Aston Villa,Bournemouth,3,1,H,1,1,D,14,14,4,6,1,3,0,0,2023-24,4,4,0,1
2024-04-21,Fulham,Liverpool,1,3,A,1,1,D,12,14,5,7,3,0,0,0,2023-24,4,3,0,1
2024-04-23,Arsenal,Chelsea,5,0,H,1,0,H,27,7,10,1,2,2,0,0,2023-24,5,4,0,1
2024-04-24,Wolves,Bournemouth,0,1,A,0,1,A,15,21,4,6,4,1,0,1,2023-24,1,5,1,0
2024-04-24,Crystal Palace,Newcastle,2,0,H,0,0,D,20,7,7,2,3,3,0,0,2023-24,2,6,0,0
2024-04-24,Everton,Liverpool,2,0,H,1,0,H,16,23,6,7,0,3,0,0,2023-24,2,3,0,0
2024-04-24,Man United,Sheffield United,4,2,H,1,1,D,25,10,13,4,0,1,0,0,2023-24,6,1,0,1
2024-04-25,Brighton,Man City,0,4,A,0,3,A,7,14,3,6,2,0,0,0,2023-24,4,2,0,1
2024-04-27,Aston Villa,Chelsea,2,2,D,2,0,H,9,21,4,5,3,5,0,0,2023-24,4,8,0,1
2024-04-27,Everton,Brentford,1,0,H,0,0,D,18,10,1,4,1,2,0,0,2023-24,1,3,0,0
2024-04-27,Newcastle,Sheffield United,5,1,H,1,1,D,20,15,7,5,0,0,0,0,2023-24,6,0,0,1
2024-04-27,Wolves,Luton,2,1,H,1,0,H,13,9,5,6,3,1,0,0,2023-24,3,4,0,1
2024-04-27,Fulham,Crystal Palace,1,1,D,0,0,D,9,14,2,4,0,2,0,0,2023-24,2,2,0,0
2024-04-27,West Ham,Liverpool,2,2,D,1,0,H,11,28,8,8,0,2,0,0,2023-24,4,2,0,1
2024-04-27,Man United,Burnley,1,1,D,0,0,D,27,16,10,7,1,3,0,0,2023-24,2,4,0,0
2024-04-28,Bournemouth,Brighton,3,0,H,1,0,H,15,13,6,1,2,2,0,0,2023-24,3,4,0,1
2024-04-28,Tottenham,Arsenal,2,3,A,0,3,A,14,9,2,3,2,1,0,0,2023-24,5,3,0,1
2024-04-28,Nott'm Forest,Man City,0,2,A,0,1,A,14,11,2,5,0,0,0,0,2023-24,2,0,0,0
2024-05-02,Chelsea,Tottenham,2,0,H,1,0,H,16,19,5,3,0,1,0,0,2023-24,2,1,0,0
2024-05-03,Luton,Everton,1,1,D,1,1,D,18,10,5,3,1,3,0,0,2023-24,2,4,0,0
2024-05-04,Sheffield United,Nott'm Forest,1,3,A,1,1,D,17,15,5,4,0,1,1,0,2023-24,4,1,1,1
2024-05-04,Burnley,Newcastle,1,4,A,0,3,A,17,23,5,11,2,2,0,0,2023-24,5,4,0,1
2024-05-04,Man City,Wolves,5,1,H,3,0,H,20,2,12,1,0,4,0,0,2023-24,6,4,0,1
2024-05-04,Arsenal,Bournemouth,3,0,H,1,0,H,25,7,9,2,2,3,0,0,2023-24,3,5,0,1
2024-05-04,Brentford,Fulham,0,0,D,0,0,D,7,15,3,3,1,1,0,0,2023-24,0,2,0,0
2024-05-05,Brighton,Aston Villa,1,0,H,0,0,D,15,2,8,1,2,1,0,0,2023-24,1,3,0,0
2024-05-05,Chelsea,West Ham,5,0,H,3,0,H,25,13,14,2,1,3,0,0,2023-24,5,4,0,1
2024-05-05,Liverpool,Tottenham,4,2,H,2,0,H,25,11,13,6,1,4,0,0,2023-24,6,5,0,1
2024-05-06,Crystal Palace,Man United,4,0,H,2,0,H,18,7,10,2,1,1,0,0,2023-24,4,2,0,1
2024-05-11,Nott'm Forest,Chelsea,2,3,A,1,1,D,20,12,4,5,2,3,0,0,2023-24,5,5,0,1
2024-05-11,Wolves,Crystal Palace,1,3,A,0,2,A,13,13,7,3,3,2,0,1,2023-24,4,5,1,1
2024-05-11,Tottenham,Burnley,2,1,H,1,1,D,21,7,9,3,3,5,0,0,2023-24,3,8,0,1
2024-05-11,West Ham,Luton,3,1,H,0,1,A,24,4,8,1,1,3,0,0,2023-24,4,4,0,1
2024-05-11,Everton,Sheffield United,1,0,H,1,0,H,15,13,6,1,1,2,0,0,2023-24,1,3,0,0
2024-05-11,Bournemouth,Brentford,1,2,A,0,0,D,13,11,4,5,2,2,0,0,2023-24,3,4,0,1
2024-05-11,Fulham,Man City,0,4,A,0,1,A,1,16,1,9,1,0,1,0,2023-24,4,1,1,1
2024-05-11,Newcastle,Brighton,1,1,D,1,1,D,18,15,7,4,3,4,0,0,2023-24,2,7,0,0
2024-05-12,Man United,Arsenal,0,1,A,0,1,A,14,11,2,5,0,2,0,0,2023-24,1,2,0,0
2024-05-13,Aston Villa,Liverpool,3,3,D,1,2,A,19,14,5,7,1,1,0,0,2023-24,6,2,0,1
2024-05-14,Tottenham,Man City,0,2,A,0,0,D,10,8,5,5,3,3,0,0,2023-24,2,6,0,0
2024-05-15,Brighton,Chelsea,1,2,A,0,1,A,12,13,2,6,2,2,0,1,2023-24,3,4,1,1
2024-05-15,Man United,Newcastle,3,2,H,1,0,H,17,21,8,8,3,3,0,0,2023-24,5,6,0,1
2024-05-19,Crystal Palace,Aston Villa,5,0,H,2,0,H,15,8,9,2,1,4,0,0,2023-24,5,5,0,1
2024-05-19,Luton,Fulham,2,4,A,1,2,A,15,15,6,7,5,4,0,0,2023-24,6,9,0,1
2024-05-19,Liverpool,Wolves,2,0,H,2,0,H,36,4,14,3,1,1,0,1,2023-24,2,2,1,0
2024-05-19,Chelsea,Bournemouth,2,1,H,1,0,H,16,22,6,5,2,3,0,0,2023-24,3,5,0,1
2024-05-19,Man City,West Ham,3,1,H,2,1,H,28,3,12,2,0,1,0,0,2023-24,4,1,0,1
2024-05-19,Brighton,Man United,0,2,A,0,0,D,17,11,3,4,1,3,0,0,2023-24,2,4,0,0
2024-05-19,Brentford,Newcastle,2,4,A,0,3,A,10,12,5,7,4,4,0,0,2023-24,6,8,0,1
2024-05-19,Arsenal,Everton,2,1,H,1,1,D,26,5,5,2,4,3,0,0,2023-24,3,7,0,1
2024-05-19,Burnley,Nott'm Forest,1,2,A,0,2,A,20,12,3,6,1,0,0,0,2023-24,3,1,0,1
2024-05-19,Sheffield United,Tottenham,0,3,A,0,1,A,6,18,1,9,2,0,0,0,2023-24,3,2,0,1
2024-08-16,Man United,Fulham,1,0,H,0,0,D,14,10,5,2,2,3,0,0,2024-25,1,5,0,0
2024-08-17,Ipswich,Liverpool,0,2,A,0,0,D,7,18,2,5,3,1,0,0,2024-25,2,4,0,0
2024-08-17,Arsenal,Wolves,2,0,H,1,0,H,18,9,6,3,2,2,0,0,2024-25,2,4,0,0
2024-08-17,Everton,Brighton,0,3,A,0,1,A,9,10,1,5,1,1,1,0,2024-25,3,2,1,1
2024-08-17,Newcastle,Southampton,1,0,H,1,0,H,3,19,1,4,2,4,1,0,2024-25,1,6,1,0
2024-08-17,Nott'm Forest,Bournemouth,1,1,D,1,0,H,14,13,8,4,1,3,0,0,2024-25,2,4,0,0
2024-08-17,West Ham,Aston Villa,1,2,A,1,1,D,14,15,3,3,1,2,0,0,2024-25,3,3,0,1
2024-08-18,Brentford,Crystal Palace,2,1,H,1,0,H,9,14,5,6,1,5,0,0,2024-25,3,6,0,1
2024-08-18,Chelsea,Man City,0,2,A,0,1,A,10,11,3,5,1,1,0,0,2024-25,2,2,0,0
2024-08-19,Leicester,Tottenham,1,1,D,0,1,A,7,15,3,7,1,1,0,0,2024-25,2,2,0,0
2024-08-24,Aston Villa,Arsenal,0,2,A,0,0,D,11,9,3,4,1,3,0,0,2024-25,2,4,0,0
2024-08-24,Tottenham,Everton,4,0,H,2,0,H,13,10,7,1,0,0,0,0,2024-25,4,0,0,1
2024-08-24,Southampton,Nott'm Forest,0,1,A,0,0,D,5,23,1,8,3,3,0,0,2024-25,1,6,0,0
2024-08-24,Crystal Palace,West Ham,0,2,A,0,0,D,14,18,2,3,1,1,0,0,2024-25,2,2,0,0
2024-08-24,Fulham,Leicester,2,1,H,1,1,D,18,10,6,4,2,2,0,0,2024-25,3,4,0,1
2024-08-24,Brighton,Man United,2,1,H,1,0,H,14,11,5,4,1,2,0,0,2024-25,3,3,0,1
2024-08-24,Man City,Ipswich,4,1,H,3,1,H,14,1,5,1,2,3,0,0,2024-25,5,5,0,1
2024-08-25,Bournemouth,Newcastle,1,1,D,1,0,H,16,14,4,5,2,2,0,0,2024-25,2,4,0,0
2024-08-25,Wolves,Chelsea,2,6,A,2,2,D,12,14,4,8,2,3,0,0,2024-25,8,5,0,1
2024-08-25,Liverpool,Brentford,2,0,H,1,0,H,19,8,8,2,2,3,0,0,2024-25,2,5,0,0
2024-08-31,Nott'm Forest,Wolves,1,1,D,1,1,D,16,11,5,3,3,4,0,0,2024-25,2,7,0,0
2024-08-31,West Ham,Man City,1,3,A,1,2,A,10,23,2,8,3,2,0,0,2024-25,4,5,0,1
2024-08-31,Leicester,Aston Villa,1,2,A,0,1,A,9,10,3,5,4,5,0,0,2024-25,3,9,0,1
2024-08-31,Brentford,Southampton,3,1,H,1,0,H,20,18,7,6,2,1,0,0,2024-25,4,3,0,1
2024-08-31,Everton,Bournemouth,2,3,A,0,0,D,18,17,8,7,2,1,0,0,2024-25,5,3,0,1
2024-08-31,Arsenal,Brighton,1,1,D,1,0,H,11,22,7,4,3,2,1,0,2024-25,2,5,1,0
2024-08-31,Ipswich,Fulham,1,1,D,1,1,D,11,9,4,4,2,3,0,0,2024-25,2,5,0,0
2024-09-01,Chelsea,Crystal Palace,1,1,D,1,0,H,13,9,7,3,4,2,0,0,2024-25,2,6,0,0
2024-09-01,Newcastle,Tottenham,2,1,H,1,0,H,9,20,3,6,4,4,0,0,2024-25,3,8,0,1
2024-09-01,Man United,Liverpool,0,3,A,0,2,A,8,11,3,3,4,1,0,0,2024-25,3,5,0,1
2024-09-14,Bournemouth,Chelsea,0,1,A,0,0,D,19,10,7,3,6,8,0,0,2024-25,1,14,0,0
2024-09-14,Aston Villa,Everton,3,2,H,1,2,A,17,6,8,2,1,4,0,0,2024-25,5,5,0,1
2024-09-14,Man City,Brentford,2,1,H,2,1,H,18,8,7,5,3,1,0,0,2024-25,3,4,0,1
2024-09-14,Liverpool,Nott'm Forest,0,1,A,0,0,D,14,5,5,3,4,4,0,0,2024-25,1,8,0,0
2024-09-14,Fulham,West Ham,1,1,D,1,0,H,21,11,5,3,2,3,0,0,2024-25,2,5,0,0
2024-09-14,Brighton,Ipswich,0,0,D,0,0,D,21,6,6,1,4,3,0,0,2024-25,0,7,0,0
2024-09-14,Southampton,Man United,0,3,A,0,2,A,6,20,4,10,1,4,1,0,2024-25,3,5,1,1
2024-09-14,Crystal Palace,Leicester,2,2,D,0,1,A,20,9,4,4,0,3,0,0,2024-25,4,3,0,1
2024-09-15,Tottenham,Arsenal,0,1,A,0,0,D,15,7,5,4,5,3,0,0,2024-25,1,8,0,0
2024-09-15,Wolves,Newcastle,1,2,A,1,0,H,12,14,5,6,3,3,0,0,2024-25,3,6,0,1
2024-09-21,Southampton,Ipswich,1,1,D,1,0,H,11,13,3,6,4,4,0,0,2024-25,2,8,0,0
2024-09-21,Crystal Palace,Man United,0,0,D,0,0,D,9,15,4,6,3,1,0,0,2024-25,0,4,0,0
2024-09-21,Liverpool,Bournemouth,3,0,H,3,0,H,19,19,13,6,1,4,0,0,2024-25,3,5,0,1
2024-09-21,Tottenham,Brentford,3,1,H,2,1,H,23,6,10,6,3,1,0,0,2024-25,4,4,0,1
2024-09-21,Fulham,Newcastle,3,1,H,2,0,H,22,15,11,4,6,0,0,0,2024-25,4,6,0,1
2024-09-21,West Ham,Chelsea,0,3,A,0,2,A,15,12,7,5,5,2,0,0,2024-25,3,7,0,1
2024-09-21,Leicester,Everton,1,1,D,0,1,A,12,16,2,5,1,2,0,0,2024-25,2,3,0,0
2024-09-21,Aston Villa,Wolves,3,1,H,0,1,A,9,10,4,4,3,6,0,0,2024-25,4,9,0,1
2024-09-22,Brighton,Nott'm Forest,2,2,D,2,1,H,14,4,3,3,3,4,0,1,2024-25,4,7,1,1
2024-09-22,Man City,Arsenal,2,2,D,1,2,A,33,5,11,3,3,4,0,1,2024-25,4,7,1,1
2024-09-28,Wolves,Liverpool,1,2,A,0,1,A,8,10,3,6,2,3,0,0,2024-25,3,5,0,1
2024-09-28,Everton,Crystal Palace,2,1,H,0,1,A,8,17,2,5,2,1,0,0,2024-25,3,3,0,1
2024-09-28,Chelsea,Brighton,4,2,H,4,2,H,15,15,7,5,3,2,0,0,2024-25,6,5,0,1
2024-09-28,Nott'm Forest,Fulham,0,1,A,0,0,D,11,14,1,2,2,4,0,0,2024-25,1,6,0,0
2024-09-28,Arsenal,Leicester,4,2,H,2,0,H,36,5,16,3,2,4,0,0,2024-25,6,6,0,1
2024-09-28,Newcastle,Man City,1,1,D,0,1,A,11,16,4,6,4,4,0,0,2024-25,2,8,0,0
2024-09-28,Brentford,West Ham,1,1,D,1,0,H,8,19,3,3,2,3,0,0,2024-25,2,5,0,0
2024-09-29,Man United,Tottenham,0,3,A,0,1,A,11,24,2,10,5,3,1,0,2024-25,3,8,1,1
2024-09-29,Ipswich,Aston Villa,2,2,D,1,2,A,15,7,5,3,4,1,0,0,2024-25,4,5,0,1
2024-09-30,Bournemouth,Southampton,3,1,H,3,0,H,14,9,6,3,2,5,0,0,2024-25,4,7,0,1
2024-10-05,Everton,Newcastle,0,0,D,0,0,D,8,14,2,3,1,2,0,0,2024-25,0,3,0,0
2024-10-05,Crystal Palace,Liverpool,0,1,A,0,1,A,9,16,5,4,4,2,0,0,2024-25,1,6,0,0
2024-10-05,Arsenal,Southampton,3,1,H,0,0,D,29,8,6,2,0,3,0,0,2024-25,4,3,0,1
2024-10-05,Brentford,Wolves,5,3,H,4,2,H,19,17,12,6,2,3,0,0,2024-25,8,5,0,1
2024-10-05,Leicester,Bournemouth,1,0,H,1,0,H,6,17,2,2,4,1,0,0,2024-25,1,5,0,0
2024-10-05,Man City,Fulham,3,2,H,1,1,D,20,11,7,4,2,1,0,0,2024-25,5,3,0,1
2024-10-05,West Ham,Ipswich,4,1,H,2,1,H,23,9,13,2,0,1,0,0,2024-25,5,1,0,1
2024-10-06,Brighton,Tottenham,3,2,H,0,2,A,11,13,4,3,2,2,0,0,2024-25,5,4,0,1
2024-10-06,Chelsea,Nott'm Forest,1,1,D,0,0,D,22,16,8,9,6,2,0,1,2024-25,2,8,1,0
2024-10-06,Aston Villa,Man United,0,0,D,0,0,D,11,10,1,4,1,5,0,0,2024-25,0,6,0,0
2024-10-19,Tottenham,West Ham,4,1,H,1,1,D,22,11,7,4,1,3,0,1,2024-25,5,4,1,1
2024-10-19,Fulham,Aston Villa,1,3,A,1,1,D,10,14,4,5,3,3,1,1,2024-25,4,6,2,1
2024-10-19,Ipswich,Everton,0,2,A,0,2,A,13,11,2,8,1,1,0,0,2024-25,2,2,0,0
2024-10-19,Man United,Brentford,2,1,H,0,1,A,23,8,11,2,2,2,0,0,2024-25,3,4,0,1
2024-10-19,Newcastle,Brighton,0,1,A,0,1,A,21,10,6,5,2,2,0,0,2024-25,1,4,0,0
2024-10-19,Southampton,Leicester,2,3,A,2,0,H,14,18,7,4,5,3,1,0,2024-25,5,8,1,1
2024-10-19,Bournemouth,Arsenal,2,0,H,0,0,D,13,6,4,1,1,1,0,1,2024-25,2,2,1,0
2024-10-20,Wolves,Man City,1,2,A,1,1,D,3,22,2,7,4,1,0,0,2024-25,3,5,0,1
2024-10-20,Liverpool,Chelsea,2,1,H,1,0,H,9,12,5,2,4,3,0,0,2024-25,3,7,0,1
2024-10-21,Nott'm Forest,Crystal Palace,1,0,H,0,0,D,20,20,6,7,2,3,0,0,2024-25,1,5,0,0
2024-10-25,Leicester,Nott'm Forest,1,3,A,1,1,D,11,20,1,5,5,2,0,0,2024-25,4,7,0,1
2024-10-26,Aston Villa,Bournemouth,1,1,D,0,0,D,18,11,8,3,7,6,0,0,2024-25,2,13,0,0
2024-10-26,Brentford,Ipswich,4,3,H,2,2,D,20,11,9,5,0,1,0,1,2024-25,7,1,1,1
2024-10-26,Brighton,Wolves,2,2,D,1,0,H,19,14,6,7,3,3,0,0,2024-25,4,6,0,1
2024-10-26,Man City,Southampton,1,0,H,1,0,H,22,5,8,2,1,3,0,0,2024-25,1,4,0,0
2024-10-26,Everton,Fulham,1,1,D,0,0,D,10,14,5,3,1,0,0,0,2024-25,2,1,0,0
2024-10-27,Chelsea,Newcastle,2,1,H,1,1,D,17,11,7,3,6,3,0,0,2024-25,3,9,0,1
2024-10-27,Crystal Palace,Tottenham,1,0,H,1,0,H,14,11,6,3,4,4,0,0,2024-25,1,8,0,0
2024-10-27,West Ham,Man United,2,1,H,0,0,D,12,18,3,5,5,1,0,0,2024-25,3,6,0,1
2024-10-27,Arsenal,Liverpool,2,2,D,2,1,H,9,9,3,4,2,2,0,0,2024-25,4,4,0,1
2024-11-02,Nott'm Forest,West Ham,3,0,H,1,0,H,19,4,6,2,1,2,0,1,2024-25,3,3,1,1
2024-11-02,Wolves,Crystal Palace,2,2,D,0,0,D,11,19,6,7,1,2,0,0,2024-25,4,3,0,1
2024-11-02,Liverpool,Brighton,2,1,H,0,1,A,16,13,8,5,1,1,0,0,2024-25,3,2,0,1
2024-11-02,Southampton,Everton,1,0,H,0,0,D,9,16,2,5,4,2,0,0,2024-25,1,6,0,0
2024-11-02,Bournemouth,Man City,2,1,H,1,0,H,12,18,6,4,2,1,0,0,2024-25,3,3,0,1
2024-11-02,Newcastle,Arsenal,1,0,H,1,0,H,9,10,4,1,4,4,0,0,2024-25,1,8,0,0
2024-11-02,Ipswich,Leicester,1,1,D,0,0,D,14,20,2,6,4,2,1,0,2024-25,2,6,1,0
2024-11-03,Tottenham,Aston Villa,4,1,H,0,1,A,16,12,6,1,2,0,0,0,2024-25,5,2,0,1
2024-11-03,Man United,Chelsea,1,1,D,0,0,D,11,12,4,3,6,2,0,0,2024-25,2,8,0,0
2024-11-04,Fulham,Brentford,2,1,H,0,1,A,26,5,12,2,2,1,0,0,2024-25,3,3,0,1
2024-11-09,Brentford,Bournemouth,3,2,H,1,1,D,12,15,6,3,2,4,0,0,2024-25,5,6,0,1
2024-11-09,Crystal Palace,Fulham,0,2,A,0,1,A,13,17,5,7,1,1,1,0,2024-25,2,2,1,0
2024-11-09,West Ham,Everton,0,0,D,0,0,D,11,18,6,4,1,2,0,0,2024-25,0,3,0,0
2024-11-09,Wolves,Southampton,2,0,H,1,0,H,8,9,4,0,1,4,0,0,2024-25,2,5,0,0
2024-11-09,Brighton,Man City,2,1,H,0,1,A,10,15,4,6,3,3,0,0,2024-25,3,6,0,1
2024-11-09,Liverpool,Aston Villa,2,0,H,1,0,H,14,12,5,2,0,3,0,0,2024-25,2,3,0,0
2024-11-10,Chelsea,Arsenal,1,1,D,0,0,D,17,13,3,3,4,2,0,0,2024-25,2,6,0,0
2024-11-10,Tottenham,Ipswich,1,2,A,0,2,A,17,8,5,3,1,5,0,0,2024-25,3,6,0,1
2024-11-10,Man United,Leicester,3,0,H,2,0,H,13,6,3,5,0,1,0,0,2024-25,3,1,0,1
2024-11-10,Nott'm Forest,Newcastle,1,3,A,1,0,H,9,17,3,6,1,1,0,0,2024-25,4,2,0,1
2024-11-23,Fulham,Wolves,1,4,A,1,1,D,10,10,3,5,3,0,0,0,2024-25,5,3,0,1
2024-11-23,Leicester,Chelsea,1,2,A,0,1,A,4,16,1,7,4,3,0,0,2024-25,3,7,0,1
2024-11-23,Arsenal,Nott'm Forest,3,0,H,1,0,H,19,7,7,0,3,2,0,0,2024-25,3,5,0,1
2024-11-23,Aston Villa,Crystal Palace,2,2,D,1,2,A,17,13,5,6,3,2,0,0,2024-25,4,5,0,1
2024-11-23,Bournemouth,Brighton,1,2,A,0,1,A,19,6,5,4,2,2,0,1,2024-25,3,4,1,1
2024-11-23,Everton,Brentford,0,0,D,0,0,D,27,9,5,2,0,0,0,1,2024-25,0,0,1,0
2024-11-23,Man City,Tottenham,0,4,A,0,2,A,23,9,5,7,4,2,0,0,2024-25,4,6,0,1
2024-11-24,Ipswich,Man United,1,1,D,1,1,D,11,11,6,4,0,0,0,0,2024-25,2,0,0,0
2024-11-24,Southampton,Liverpool,2,3,A,1,1,D,7,27,5,11,3,4,0,0,2024-25,5,7,0,1
2024-11-25,Newcastle,West Ham,0,2,A,0,1,A,18,15,2,6,1,0,0,0,2024-25,2,1,0,0
2024-11-29,Brighton,Southampton,1,1,D,1,0,H,22,10,5,2,2,4,0,0,2024-25,2,6,0,0
2024-11-30,Brentford,Leicester,4,1,H,3,1,H,13,7,6,3,1,1,0,0,2024-25,5,2,0,1
2024-11-30,Crystal Palace,Newcastle,1,1,D,0,0,D,16,1,4,0,3,3,0,0,2024-25,2,6,0,0
2024-11-30,Nott'm Forest,Ipswich,1,0,H,0,0,D,12,7,5,3,1,3,0,0,2024-25,1,4,0,0
2024-11-30,Wolves,Bournemouth,2,4,A,1,3,A,10,12,3,8,4,1,0,0,2024-25,6,5,0,1
2024-11-30,West Ham,Arsenal,2,5,A,2,5,A,12,16,5,7,4,1,0,0,2024-25,7,5,0,1
2024-12-01,Tottenham,Fulham,1,1,D,0,0,D,8,14,3,6,0,1,0,1,2024-25,2,1,1,0
2024-12-01,Liverpool,Man City,2,0,H,1,0,H,18,8,7,2,1,3,0,0,2024-25,2,4,0,0
2024-12-01,Chelsea,Aston Villa,3,0,H,2,0,H,17,10,8,4,2,2,0,0,2024-25,3,4,0,1
2024-12-01,Man United,Everton,4,0,H,2,0,H,11,8,5,2,2,3,0,0,2024-25,4,5,0,1
2024-12-03,Ipswich,Crystal Palace,0,1,A,0,0,D,9,13,2,3,2,4,0,0,2024-25,1,6,0,0
2024-12-03,Leicester,West Ham,3,1,H,1,0,H,8,31,6,10,2,2,0,0,2024-25,4,4,0,1
2024-12-04,Everton,Wolves,4,0,H,2,0,H,13,6,4,2,2,0,0,0,2024-25,4,2,0,1
2024-12-04,Man City,Nott'm Forest,3,0,H,2,0,H,17,12,7,3,2,4,0,0,2024-25,3,6,0,1
2024-12-04,Newcastle,Liverpool,3,3,D,1,0,H,17,16,6,5,2,5,0,0,2024-25,6,7,0,1
2024-12-04,Southampton,Chelsea,1,5,A,1,3,A,6,26,4,13,1,0,1,0,2024-25,6,1,1,1
2024-12-04,Arsenal,Man United,2,0,H,0,0,D,14,5,6,2,1,3,0,0,2024-25,2,4,0,0
2024-12-04,Aston Villa,Brentford,3,1,H,3,0,H,20,9,10,1,2,2,0,0,2024-25,4,4,0,1
2024-12-05,Bournemouth,Tottenham,1,0,H,1,0,H,21,12,8,4,2,2,0,0,2024-25,1,4,0,0
2024-12-05,Fulham,Brighton,3,1,H,1,0,H,6,13,2,3,2,2,0,0,2024-25,4,4,0,1
2024-12-07,Man United,Nott'm Forest,2,3,A,1,1,D,17,11,7,3,0,2,0,0,2024-25,5,2,0,1
2024-12-07,Crystal Palace,Man City,2,2,D,1,1,D,12,12,3,4,1,0,0,1,2024-25,4,1,1,1
2024-12-07,Aston Villa,Southampton,1,0,H,1,0,H,18,4,5,0,1,3,0,0,2024-25,1,4,0,0
2024-12-07,Brentford,Newcastle,4,2,H,2,2,D,11,16,8,3,3,0,0,0,2024-25,6,3,0,1
2024-12-08,Fulham,Arsenal,1,1,D,1,0,H,2,12,2,4,4,2,0,0,2024-25,2,6,0,0
2024-12-08,Ipswich,Bournemouth,1,2,A,1,0,H,18,22,5,6,2,1,0,0,2024-25,3,3,0,1
2024-12-08,Leicester,Brighton,2,2,D,0,1,A,10,16,3,7,1,2,0,0,2024-25,4,3,0,1
2024-12-08,Tottenham,Chelsea,3,4,A,2,1,H,13,17,5,8,2,2,0,0,2024-25,7,4,0,1
2024-12-09,West Ham,Wolves,2,1,H,0,0,D,19,19,4,5,5,4,0,0,2024-25,3,9,0,1
2024-12-14,Wolves,Ipswich,1,2,A,0,1,A,16,10,6,5,0,2,1,0,2024-25,3,2,1,1
2024-12-14,Newcastle,Leicester,4,0,H,1,0,H,27,4,11,1,3,3,0,0,2024-25,4,6,0,1
2024-12-14,Nott'm Forest,Aston Villa,2,1,H,0,0,D,17,8,6,2,0,1,0,0,2024-25,3,1,0,1
2024-12-14,Arsenal,Everton,0,0,D,0,0,D,13,2,5,0,0,3,0,0,2024-25,0,3,0,0
2024-12-14,Liverpool,Fulham,2,2,D,0,1,A,16,12,4,3,3,4,1,0,2024-25,4,7,1,1
2024-12-15,Man City,Man United,1,2,A,1,0,H,10,10,3,3,1,1,0,0,2024-25,3,2,0,1
2024-12-15,Chelsea,Brentford,2,1,H,1,0,H,26,9,8,4,0,2,1,0,2024-25,3,2,1,1
2024-12-15,Southampton,Tottenham,0,5,A,0,5,A,9,18,3,9,1,3,0,0,2024-25,5,4,0,1
2024-12-15,Brighton,Crystal Palace,1,3,A,0,2,A,17,13,5,5,1,4,0,0,2024-25,4,5,0,1
2024-12-16,Bournemouth,West Ham,1,1,D,0,0,D,29,16,9,3,0,2,0,0,2024-25,2,2,0,0
2024-12-21,Aston Villa,Man City,2,1,H,1,0,H,11,12,6,6,3,3,0,0,2024-25,3,6,0,1
2024-12-21,Brentford,Nott'm Forest,0,2,A,0,1,A,7,10,3,6,3,4,0,0,2024-25,2,7,0,0
2024-12-21,Ipswich,Newcastle,0,4,A,0,3,A,10,15,2,7,2,0,0,0,2024-25,4,2,0,1
2024-12-21,West Ham,Brighton,1,1,D,0,0,D,11,12,4,6,2,2,0,0,2024-25,2,4,0,0
2024-12-21,Crystal Palace,Arsenal,1,5,A,1,3,A,15,14,6,6,2,2,0,0,2024-25,6,4,0,1
2024-12-22,Man United,Bournemouth,0,3,A,0,1,A,23,10,7,5,1,3,0,0,2024-25,3,4,0,1
2024-12-22,Tottenham,Liverpool,3,6,A,1,3,A,9,24,5,12,1,2,0,0,2024-25,9,3,0,1
2024-12-22,Leicester,Wolves,0,3,A,0,3,A,9,8,5,4,2,0,0,0,2024-25,3,2,0,1
2024-12-22,Everton,Chelsea,0,0,D,0,0,D,5,12,4,5,4,1,0,0,2024-25,0,5,0,0
2024-12-22,Fulham,Southampton,0,0,D,0,0,D,16,5,5,1,1,3,0,0,2024-25,0,4,0,0
2024-12-26,Man City,Everton,1,1,D,1,1,D,24,8,5,3,1,4,0,0,2024-25,2,5,0,0
2024-12-26,Bournemouth,Crystal Palace,0,0,D,0,0,D,18,10,4,4,2,2,0,0,2024-25,0,4,0,0
2024-12-26,Chelsea,Fulham,1,2,A,1,0,H,12,14,8,7,1,3,0,0,2024-25,3,4,0,1
2024-12-26,Newcastle,Aston Villa,3,0,H,1,0,H,22,4,8,1,2,1,0,1,2024-25,3,3,1,1
2024-12-26,Nott'm Forest,Tottenham,1,0,H,1,0,H,10,13,3,4,3,2,0,1,2024-25,1,5,1,0
2024-12-26,Southampton,West Ham,0,1,A,0,0,D,18,16,5,2,1,2,0,0,2024-25,1,3,0,0
2024-12-26,Wolves,Man United,2,0,H,0,0,D,7,11,4,4,2,2,0,1,2024-25,2,4,1,0
2024-12-26,Liverpool,Leicester,3,1,H,1,1,D,19,4,7,1,3,2,0,0,2024-25,4,5,0,1
2024-12-27,Brighton,Brentford,0,0,D,0,0,D,24,8,7,3,0,2,0,0,2024-25,0,2,0,0
2024-12-27,Arsenal,Ipswich,1,0,H,1,0,H,13,3,5,0,1,1,0,0,2024-25,1,2,0,0
2024-12-29,West Ham,Liverpool,0,5,A,0,3,A,7,22,0,13,0,0,0,0,2024-25,5,0,0,1
2024-12-29,Tottenham,Wolves,2,2,D,2,1,H,13,11,3,3,1,2,0,0,2024-25,4,3,0,1
2024-12-29,Fulham,Bournemouth,2,2,D,1,0,H,11,16,6,9,1,3,0,0,2024-25,4,4,0,1
2024-12-29,Leicester,Man City,0,2,A,0,1,A,11,14,4,5,2,1,0,0,2024-25,2,3,0,0
2024-12-29,Crystal Palace,Southampton,2,1,H,1,1,D,19,7,10,3,2,3,0,0,2024-25,3,5,0,1
2024-12-29,Everton,Nott'm Forest,0,2,A,0,1,A,13,11,2,7,4,1,0,0,2024-25,2,5,0,0
2024-12-30,Aston Villa,Brighton,2,2,D,1,1,D,20,13,4,4,2,3,0,0,2024-25,4,5,0,1
2024-12-30,Ipswich,Chelsea,2,0,H,1,0,H,9,20,6,5,4,4,0,0,2024-25,2,8,0,0
2024-12-30,Man United,Newcastle,0,2,A,0,2,A,10,12,0,4,1,1,0,0,2024-25,2,2,0,0
2025-01-01,Brentford,Arsenal,1,3,A,1,1,D,5,14,2,5,1,2,0,0,2024-25,4,3,0,1
2025-01-04,Southampton,Brentford,0,5,A,0,1,A,8,20,1,11,2,0,0,0,2024-25,5,2,0,1
2025-01-04,Brighton,Arsenal,1,1,D,0,1,A,11,9,4,3,2,3,0,0,2024-25,2,5,0,0
2025-01-04,Man City,West Ham,4,1,H,2,0,H,10,17,7,4,2,1,0,0,2024-25,5,3,0,1
2025-01-04,Tottenham,Newcastle,1,2,A,1,2,A,13,14,4,4,1,4,0,0,2024-25,3,5,0,1
2025-01-04,Bournemouth,Everton,1,0,H,0,0,D,19,9,8,0,2,2,0,0,2024-25,1,4,0,0
2025-01-04,Crystal Palace,Chelsea,1,1,D,0,1,A,13,15,6,1,0,2,0,0,2024-25,2,2,0,0
2025-01-04,Aston Villa,Leicester,2,1,H,0,0,D,13,4,5,2,0,1,0,0,2024-25,3,1,0,1
2025-01-05,Fulham,Ipswich,2,2,D,0,1,A,15,7,4,3,1,5,0,0,2024-25,4,6,0,1
2025-01-05,Liverpool,Man United,2,2,D,0,0,D,19,13,6,4,2,4,0,0,2024-25,4,6,0,1
2025-01-06,Wolves,Nott'm Forest,0,3,A,0,2,A,13,11,6,3,1,2,0,0,2024-25,3,3,0,1
2025-01-14,Brentford,Man City,2,2,D,0,0,D,18,21,6,8,0,0,0,0,2024-25,4,0,0,1
2025-01-14,Chelsea,Bournemouth,2,2,D,1,0,H,26,7,10,3,2,3,0,0,2024-25,4,5,0,1
2025-01-14,West Ham,Fulham,3,2,H,2,0,H,4,21,3,5,3,3,0,0,2024-25,5,6,0,1
2025-01-14,Nott'm Forest,Liverpool,1,1,D,1,0,H,6,23,3,7,2,1,0,0,2024-25,2,3,0,0
2025-01-15,Arsenal,Tottenham,2,1,H,2,1,H,14,10,4,2,3,1,0,0,2024-25,3,4,0,1
2025-01-15,Newcastle,Wolves,3,0,H,1,0,H,17,13,5,7,0,2,0,0,2024-25,3,2,0,1
2025-01-15,Leicester,Crystal Palace,0,2,A,0,0,D,21,9,4,4,0,0,0,0,2024-25,2,0,0,0
2025-01-15,Everton,Aston Villa,0,1,A,0,0,D,10,11,3,3,2,1,0,0,2024-25,1,3,0,0
2025-01-16,Ipswich,Brighton,0,2,A,0,0,D,5,11,3,5,2,2,0,0,2024-25,2,4,0,0
2025-01-16,Man United,Southampton,3,1,H,0,1,A,23,13,9,5,1,3,0,0,2024-25,4,4,0,1
2025-01-18,Newcastle,Bournemouth,1,4,A,1,2,A,13,19,5,10,1,6,0,0,2024-25,5,7,0,1
2025-01-18,Brentford,Liverpool,0,2,A,0,0,D,11,37,6,8,2,3,0,0,2024-25,2,5,0,0
2025-01-18,Leicester,Fulham,0,2,A,0,0,D,8,17,4,2,3,1,0,0,2024-25,2,4,0,0
2025-01-18,West Ham,Crystal Palace,0,2,A,0,0,D,7,12,0,7,1,0,1,0,2024-25,2,1,1,0
2025-01-18,Arsenal,Aston Villa,2,2,D,1,0,H,18,8,6,4,2,3,0,0,2024-25,4,5,0,1
2025-01-19,Nott'm Forest,Southampton,3,2,H,3,0,H,14,10,5,4,0,4,0,0,2024-25,5,4,0,1
2025-01-19,Ipswich,Man City,0,6,A,0,3,A,8,17,4,9,0,1,0,0,2024-25,6,1,0,1
2025-01-19,Everton,Tottenham,3,2,H,3,0,H,12,11,6,6,2,1,0,0,2024-25,5,3,0,1
2025-01-19,Man United,Brighton,1,3,A,1,1,D,10,6,1,3,3,3,0,0,2024-25,4,6,0,1
2025-01-20,Chelsea,Wolves,3,1,H,1,1,D,19,9,7,4,4,2,0,0,2024-25,4,6,0,1
2025-01-25,Bournemouth,Nott'm Forest,5,0,H,1,0,H,16,18,10,4,2,3,0,0,2024-25,5,5,0,1
2025-01-25,Brighton,Everton,0,1,A,0,1,A,16,3,1,1,3,4,0,0,2024-25,1,7,0,0
2025-01-25,Liverpool,Ipswich,4,1,H,3,0,H,16,3,6,3,0,2,0,0,2024-25,5,2,0,1
2025-01-25,Southampton,Newcastle,1,3,A,1,2,A,12,17,5,9,1,0,0,0,2024-25,4,1,0,1
2025-01-25,Wolves,Arsenal,0,1,A,0,0,D,9,9,4,3,0,1,1,1,2024-25,1,1,2,0
2025-01-25,Man City,Chelsea,3,1,H,1,1,D,15,10,6,4,3,2,0,0,2024-25,4,5,0,1
2025-01-26,Fulham,Man United,0,1,A,0,0,D,9,4,3,1,0,1,0,0,2024-25,1,1,0,0
2025-01-26,Aston Villa,West Ham,1,1,D,1,0,H,14,14,4,4,2,3,0,0,2024-25,2,5,0,0
2025-01-26,Crystal Palace,Brentford,1,2,A,0,0,D,16,13,5,6,2,2,0,0,2024-25,3,4,0,1
2025-01-26,Tottenham,Leicester,1,2,A,1,0,H,15,12,6,3,1,5,0,0,2024-25,3,6,0,1
2025-02-01,Nott'm Forest,Brighton,7,0,H,3,0,H,14,10,9,5,1,3,0,0,2024-25,7,4,0,1
2025-02-01,Bournemouth,Liverpool,0,2,A,0,1,A,14,19,3,7,2,3,0,0,2024-25,2,5,0,0
2025-02-01,Everton,Leicester,4,0,H,3,0,H,13,9,7,1,0,0,0,0,2024-25,4,0,0,1
2025-02-01,Ipswich,Southampton,1,2,A,1,1,D,15,9,6,4,0,3,0,0,2024-25,3,3,0,1
2025-02-01,Newcastle,Fulham,1,2,A,1,0,H,11,15,4,4,4,4,0,0,2024-25,3,8,0,1
2025-02-01,Wolves,Aston Villa,2,0,H,1,0,H,8,10,5,3,2,3,0,0,2024-25,2,5,0,0
2025-02-02,Brentford,Tottenham,0,2,A,0,1,A,20,13,4,2,0,1,0,0,2024-25,2,1,0,0
2025-02-02,Man United,Crystal Palace,0,2,A,0,0,D,17,11,2,3,3,1,0,0,2024-25,2,4,0,0
2025-02-02,Arsenal,Man City,5,1,H,1,0,H,12,7,7,4,2,0,0,0,2024-25,6,2,0,1
2025-02-03,Chelsea,West Ham,2,1,H,0,1,A,22,14,3,5,3,1,0,0,2024-25,3,4,0,1
2025-02-12,Everton,Liverpool,2,2,D,1,1,D,10,6,3,4,2,2,1,1,2024-25,4,4,2,1
2025-02-14,Brighton,Chelsea,3,0,H,2,0,H,13,8,5,0,1,2,0,0,2024-25,3,3,0,1
2025-02-15,Leicester,Arsenal,0,2,A,0,0,D,6,11,2,5,2,1,0,0,2024-25,2,3,0,0
2025-02-15,Aston Villa,Ipswich,1,1,D,0,0,D,25,4,6,3,0,3,0,1,2024-25,2,3,1,0
2025-02-15,Fulham,Nott'm Forest,2,1,H,1,1,D,24,8,10,2,0,0,0,0,2024-25,3,0,0,1
2025-02-15,Man City,Newcastle,4,0,H,3,0,H,11,3,7,1,0,1,0,0,2024-25,4,1,0,1
2025-02-15,Southampton,Bournemouth,1,3,A,0,2,A,11,14,4,7,1,3,0,0,2024-25,4,4,0,1
2025-02-15,West Ham,Brentford,0,1,A,0,1,A,13,14,3,5,1,1,0,0,2024-25,1,2,0,0
2025-02-15,Crystal Palace,Everton,1,2,A,0,1,A,17,11,6,6,0,1,0,0,2024-25,3,1,0,1
2025-02-16,Liverpool,Wolves,2,1,H,2,0,H,10,16,3,4,2,2,0,0,2024-25,3,4,0,1
2025-02-16,Tottenham,Man United,1,0,H,1,0,H,22,16,7,6,1,2,0,0,2024-25,1,3,0,0
2025-02-19,Aston Villa,Liverpool,2,2,D,2,1,H,9,17,4,3,1,0,0,0,2024-25,4,1,0,1
2025-02-21,Leicester,Brentford,0,4,A,0,3,A,8,14,3,6,4,0,0,0,2024-25,4,4,0,1
2025-02-22,Everton,Man United,2,2,D,2,0,H,9,9,8,3,4,1,0,0,2024-25,4,5,0,1
2025-02-22,Arsenal,West Ham,0,1,A,0,1,A,20,5,2,2,1,3,1,0,2024-25,1,4,1,0
2025-02-22,Bournemouth,Wolves,0,1,A,0,1,A,8,13,3,5,3,3,1,0,2024-25,1,6,1,0
2025-02-22,Fulham,Crystal Palace,0,2,A,0,1,A,10,10,0,5,1,3,0,0,2024-25,2,4,0,0
2025-02-22,Ipswich,Tottenham,1,4,A,1,2,A,17,10,5,6,2,1,0,0,2024-25,5,3,0,1
2025-02-22,Southampton,Brighton,0,4,A,0,1,A,6,18,1,12,2,0,0,0,2024-25,4,2,0,1
2025-02-22,Aston Villa,Chelsea,2,1,H,0,1,A,12,15,6,7,1,3,0,0,2024-25,3,4,0,1
2025-02-23,Newcastle,Nott'm Forest,4,3,H,4,1,H,13,17,5,5,1,4,0,0,2024-25,7,5,0,1
2025-02-23,Man City,Liverpool,0,2,A,0,2,A,16,8,5,4,0,0,0,0,2024-25,2,0,0,0
2025-02-25,Chelsea,Southampton,4,0,H,3,0,H,19,7,10,2,1,2,0,0,2024-25,4,3,0,1
2025-02-25,Wolves,Fulham,1,2,A,1,1,D,18,11,5,5,1,3,0,0,2024-25,3,4,0,1
2025-02-25,Brighton,Bournemouth,2,1,H,1,0,H,11,19,4,5,2,1,0,0,2024-25,3,3,0,1
2025-02-25,Crystal Palace,Aston Villa,4,1,H,1,0,H,19,6,6,2,3,1,0,0,2024-25,5,4,0,1
2025-02-26,Brentford,Everton,1,1,D,1,0,H,12,14,3,4,2,1,0,0,2024-25,2,3,0,0
2025-02-26,Man United,Ipswich,3,2,H,2,2,D,10,12,6,3,4,4,1,0,2024-25,5,8,1,1
2025-02-26,Nott'm Forest,Arsenal,0,0,D,0,0,D,6,13,2,1,1,1,0,0,2024-25,0,2,0,0
2025-02-26,Tottenham,Man City,0,1,A,0,1,A,11,12,6,5,3,0,0,0,2024-25,1,3,0,0
2025-02-26,Liverpool,Newcastle,2,0,H,1,0,H,12,3,3,0,0,1,0,0,2024-25,2,1,0,0
2025-02-27,West Ham,Leicester,2,0,H,2,0,H,8,10,2,2,0,0,0,0,2024-25,2,0,0,0
2025-03-08,Liverpool,Southampton,3,1,H,0,1,A,28,6,7,4,2,1,0,0,2024-25,4,3,0,1
2025-03-08,Wolves,Everton,1,1,D,1,1,D,11,12,3,4,2,2,0,0,2024-25,2,4,0,0
2025-03-08,Brentford,Aston Villa,0,1,A,0,0,D,13,12,3,4,2,2,0,0,2024-25,1,4,0,0
2025-03-08,Brighton,Fulham,2,1,H,1,1,D,9,6,4,1,0,2,0,0,2024-25,3,2,0,1
2025-03-08,Nott'm Forest,Man City,1,0,H,0,0,D,9,14,4,3,3,2,0,0,2024-25,1,5,0,0
2025-03-08,Crystal Palace,Ipswich,1,0,H,0,0,D,19,15,4,8,4,3,0,0,2024-25,1,7,0,0
2025-03-09,Chelsea,Leicester,1,0,H,0,0,D,20,3,7,3,1,0,0,0,2024-25,1,1,0,0
2025-03-09,Tottenham,Bournemouth,2,2,D,0,1,A,12,17,4,8,3,3,0,0,2024-25,4,6,0,1
2025-03-09,Man United,Arsenal,1,1,D,1,0,H,10,17,6,6,0,1,0,0,2024-25,2,1,0,0
2025-03-10,West Ham,Newcastle,0,1,A,0,0,D,9,9,2,3,0,1,0,0,2024-25,1,1,0,0
2025-03-15,Southampton,Wolves,1,2,A,0,1,A,10,5,3,3,0,0,0,0,2024-25,3,0,0,1
2025-03-15,Man City,Brighton,2,2,D,2,1,H,11,15,3,3,2,5,0,0,2024-25,4,7,0,1
2025-03-15,Bournemouth,Brentford,1,2,A,1,1,D,17,10,5,4,3,0,0,0,2024-25,3,3,0,1
2025-03-15,Everton,West Ham,1,1,D,0,0,D,13,10,5,5,1,2,0,0,2024-25,2,3,0,0
2025-03-15,Ipswich,Nott'm Forest,2,4,A,0,3,A,11,11,4,6,1,1,0,0,2024-25,6,2,0,1
2025-03-16,Leicester,Man United,0,3,A,0,1,A,11,18,3,5,2,0,0,0,2024-25,3,2,0,1
2025-03-16,Arsenal,Chelsea,1,0,H,1,0,H,12,8,4,2,3,3,0,0,2024-25,1,6,0,0
2025-03-16,Fulham,Tottenham,2,0,H,0,0,D,13,12,4,4,0,0,0,0,2024-25,2,0,0,0
2025-04-01,Arsenal,Fulham,2,1,H,1,0,H,17,9,4,3,1,2,0,0,2024-25,3,3,0,1
2025-04-01,Wolves,West Ham,1,0,H,1,0,H,9,10,2,1,4,2,0,0,2024-25,1,6,0,0
2025-04-01,Nott'm Forest,Man United,1,0,H,1,0,H,8,23,2,6,1,3,0,0,2024-25,1,4,0,0
2025-04-02,Bournemouth,Ipswich,1,2,A,0,1,A,24,10,7,2,1,2,0,0,2024-25,3,3,0,1
2025-04-02,Brighton,Aston Villa,0,3,A,0,0,D,11,8,4,5,1,3,0,0,2024-25,3,4,0,1
2025-04-02,Man City,Leicester,2,0,H,2,0,H,18,2,5,0,1,4,0,0,2024-25,2,5,0,0
2025-04-02,Newcastle,Brentford,2,1,H,1,0,H,21,12,4,3,1,1,0,0,2024-25,3,2,0,1
2025-04-02,Southampton,Crystal Palace,1,1,D,1,0,H,8,9,2,3,2,1,0,0,2024-25,2,3,0,0
2025-04-02,Liverpool,Everton,1,0,H,0,0,D,17,5,3,0,2,2,0,0,2024-25,1,4,0,0
2025-04-03,Chelsea,Tottenham,1,0,H,0,0,D,11,8,5,2,5,5,0,0,2024-25,1,10,0,0
2025-04-05,Aston Villa,Nott'm Forest,2,1,H,2,0,H,17,19,8,3,2,2,0,0,2024-25,3,4,0,1
2025-04-05,West Ham,Bournemouth,2,2,D,0,1,A,9,11,3,4,2,2,0,0,2024-25,4,4,0,1
2025-04-05,Everton,Arsenal,1,1,D,0,1,A,5,14,2,5,3,1,0,0,2024-25,2,4,0,0
2025-04-05,Crystal Palace,Brighton,2,1,H,1,1,D,8,11,3,5,0,1,2,1,2024-25,3,1,3,1
2025-04-05,Ipswich,Wolves,1,2,A,1,0,H,6,22,2,7,2,2,0,0,2024-25,3,4,0,1
2025-04-06,Brentford,Chelsea,0,0,D,0,0,D,9,21,2,5,1,3,0,0,2024-25,0,4,0,0
2025-04-06,Fulham,Liverpool,3,2,H,3,1,H,12,14,6,6,3,0,0,0,2024-25,5,3,0,1
2025-04-06,Tottenham,Southampton,3,1,H,2,0,H,13,12,8,4,1,1,0,0,2024-25,4,2,0,1
2025-04-06,Man United,Man City,0,0,D,0,0,D,13,9,2,5,3,2,0,0,2024-25,0,5,0,0
2025-04-07,Leicester,Newcastle,0,3,A,0,3,A,7,16,2,5,2,0,0,0,2024-25,3,2,0,1
2025-04-12,Arsenal,Brentford,1,1,D,0,0,D,14,3,3,2,1,3,0,0,2024-25,2,4,0,0
2025-04-12,Southampton,Aston Villa,0,3,A,0,0,D,7,25,2,10,3,1,0,0,2024-25,3,4,0,1
2025-04-12,Brighton,Leicester,2,2,D,1,1,D,21,15,7,6,2,5,0,0,2024-25,4,7,0,1
2025-04-12,Man City,Crystal Palace,5,2,H,2,2,D,21,8,9,3,2,3,0,0,2024-25,7,5,0,1
2025-04-12,Nott'm Forest,Everton,0,1,A,0,0,D,10,13,5,5,0,3,0,0,2024-25,1,3,0,0
2025-04-13,Chelsea,Ipswich,2,2,D,0,2,A,34,13,9,4,2,2,0,0,2024-25,4,4,0,1
2025-04-13,Liverpool,West Ham,2,1,H,1,0,H,15,11,6,4,0,2,0,0,2024-25,3,2,0,1
2025-04-13,Wolves,Tottenham,4,2,H,2,0,H,13,11,5,4,1,2,0,0,2024-25,6,3,0,1
2025-04-13,Newcastle,Man United,4,1,H,1,1,D,13,9,6,5,0,2,0,0,2024-25,5,2,0,1
2025-04-14,Bournemouth,Fulham,1,0,H,1,0,H,12,12,3,7,3,2,0,0,2024-25,1,5,0,0
2025-04-16,Newcastle,Crystal Palace,5,0,H,4,0,H,14,11,7,4,2,3,0,0,2024-25,5,5,0,1
2025-04-19,Everton,Man City,0,2,A,0,0,D,8,12,3,7,4,0,0,0,2024-25,2,4,0,0
2025-04-19,Aston Villa,Newcastle,4,1,H,1,1,D,23,10,9,3,1,3,0,0,2024-25,5,4,0,1
2025-04-19,West Ham,Southampton,1,1,D,0,0,D,12,15,4,4,2,1,0,0,2024-25,2,3,0,0
2025-04-19,Brentford,Brighton,4,2,H,1,1,D,16,12,8,3,3,3,0,1,2024-25,6,6,1,1
2025-04-19,Crystal Palace,Bournemouth,0,0,D,0,0,D,5,15,0,4,3,4,1,0,2024-25,0,7,1,0
2025-04-20,Leicester,Liverpool,0,1,A,0,0,D,5,28,0,10,1,2,0,0,2024-25,1,3,0,0
2025-04-20,Fulham,Chelsea,1,2,A,1,0,H,6,13,1,8,1,3,0,0,2024-25,3,4,0,1
2025-04-20,Ipswich,Arsenal,0,4,A,0,2,A,4,24,0,7,0,0,1,0,2024-25,4,0,1,1
2025-04-20,Man United,Wolves,0,1,A,0,0,D,12,4,2,2,2,3,0,0,2024-25,1,5,0,0
2025-04-21,Tottenham,Nott'm Forest,1,2,A,0,2,A,22,4,6,3,1,4,0,0,2024-25,3,5,0,1
2025-04-22,Man City,Aston Villa,2,1,H,1,1,D,14,7,6,3,3,3,0,0,2024-25,3,6,0,1
2025-04-23,Arsenal,Crystal Palace,2,2,D,2,1,H,12,15,6,4,1,1,0,0,2024-25,4,2,0,1
2025-04-26,Wolves,Leicester,3,0,H,1,0,H,20,8,6,2,1,4,0,0,2024-25,3,5,0,1
2025-04-26,Southampton,Fulham,1,2,A,1,0,H,7,26,3,5,1,1,0,0,2024-25,3,2,0,1
2025-04-26,Brighton,West Ham,3,2,H,1,0,H,16,12,9,4,1,1,0,0,2024-25,5,2,0,1
2025-04-26,Chelsea,Everton,1,0,H,1,0,H,10,6,7,3,0,0,0,0,2024-25,1,0,0,0
2025-04-26,Newcastle,Ipswich,3,0,H,1,0,H,25,4,5,0,1,2,0,1,2024-25,3,3,1,1
2025-04-27,Bournemouth,Man United,1,1,D,1,0,H,8,25,1,6,4,2,1,0,2024-25,2,6,1,0
2025-04-27,Liverpool,Tottenham,5,1,H,3,1,H,25,8,8,3,2,1,0,0,2024-25,6,3,0,1
2025-05-01,Nott'm Forest,Brentford,0,2,A,0,1,A,14,11,5,3,3,5,0,0,2024-25,2,8,0,0
2025-05-02,Man City,Wolves,1,0,H,1,0,H,9,6,2,1,0,0,0,0,2024-25,1,0,0,0
2025-05-03,Arsenal,Bournemouth,1,2,A,1,0,H,13,9,4,2,0,2,0,0,2024-25,3,2,0,1
2025-05-03,Leicester,Southampton,2,0,H,2,0,H,14,8,4,2,1,3,0,0,2024-25,2,4,0,0
2025-05-03,Aston Villa,Fulham,1,0,H,1,0,H,10,11,3,3,0,5,0,0,2024-25,1,5,0,0
2025-05-03,Everton,Ipswich,2,2,D,2,1,H,8,12,3,5,4,4,0,0,2024-25,4,8,0,1
2025-05-04,Brentford,Man United,4,3,H,2,1,H,12,14,6,5,0,2,0,0,2024-25,7,2,0,1
2025-05-04,Brighton,Newcastle,1,1,D,1,0,H,5,13,2,5,2,1,0,0,2024-25,2,3,0,0
2025-05-04,West Ham,Tottenham,1,1,D,1,1,D,11,7,2,2,2,2,0,0,2024-25,2,4,0,0
2025-05-04,Chelsea,Liverpool,3,1,H,1,0,H,17,11,7,2,2,2,0,0,2024-25,4,4,0,1
2025-05-05,Crystal Palace,Nott'm Forest,1,1,D,0,0,D,20,12,3,4,3,8,0,0,2024-25,2,11,0,0
2025-05-10,Wolves,Brighton,0,2,A,0,1,A,10,7,3,2,1,1,0,0,2024-25,2,2,0,0
2025-05-10,Southampton,Man City,0,0,D,0,0,D,2,26,0,5,2,0,0,0,2024-25,0,2,0,0
2025-05-10,Bournemouth,Aston Villa,0,1,A,0,1,A,10,6,4,3,4,3,0,1,2024-25,1,7,1,0
2025-05-10,Fulham,Everton,1,3,A,1,1,D,18,11,6,7,1,0,0,0,2024-25,4,1,0,1
2025-05-10,Ipswich,Brentford,0,1,A,0,1,A,11,15,4,5,2,4,0,0,2024-25,1,6,0,0
2025-05-11,Newcastle,Chelsea,2,0,H,1,0,H,15,10,6,3,4,2,0,1,2024-25,2,6,1,0
2025-05-11,Man United,West Ham,0,2,A,0,1,A,20,9,5,4,0,1,0,0,2024-25,2,1,0,0
2025-05-11,Nott'm Forest,Leicester,2,2,D,1,1,D,15,10,4,6,3,3,0,0,2024-25,4,6,0,1
2025-05-11,Tottenham,Crystal Palace,0,2,A,0,1,A,8,23,1,10,1,1,0,0,2024-25,2,2,0,0
2025-05-11,Liverpool,Arsenal,2,2,D,2,0,H,14,15,5,7,1,1,0,1,2024-25,4,2,1,1
2025-05-16,Aston Villa,Tottenham,2,0,H,0,0,D,18,3,7,1,1,2,0,0,2024-25,2,3,0,0
2025-05-16,Chelsea,Man United,1,0,H,0,0,D,11,4,3,1,1,6,0,0,2024-25,1,7,0,0
2025-05-18,Arsenal,Newcastle,1,0,H,0,0,D,12,14,4,5,3,3,0,0,2024-25,1,6,0,0
2025-05-18,Leicester,Ipswich,2,0,H,1,0,H,9,20,3,2,1,0,0,0,2024-25,2,1,0,0
2025-05-18,West Ham,Nott'm Forest,1,2,A,0,1,A,16,10,5,5,6,3,0,0,2024-25,3,9,0,1
2025-05-18,Everton,Southampton,2,0,H,2,0,H,13,6,5,2,1,1,0,0,2024-25,2,2,0,0
2025-05-18,Brentford,Fulham,2,3,A,2,1,H,11,16,6,7,4,4,0,0,2024-25,5,8,0,1
2025-05-19,Brighton,Liverpool,3,2,H,1,2,A,25,18,12,5,1,0,0,0,2024-25,5,1,0,1
2025-05-20,Crystal Palace,Wolves,4,2,H,2,1,H,14,12,10,3,1,2,0,0,2024-25,6,3,0,1
2025-05-20,Man City,Bournemouth,3,1,H,2,0,H,12,8,5,2,1,3,1,1,2024-25,4,4,2,1
2025-05-25,Newcastle,Everton,0,1,A,0,0,D,17,14,6,6,1,4,0,0,2024-25,1,5,0,0
2025-05-25,Southampton,Arsenal,1,2,A,0,1,A,7,23,2,8,0,0,0,0,2024-25,3,0,0,1
2025-05-25,Nott'm Forest,Chelsea,0,1,A,0,0,D,10,6,2,2,2,2,0,0,2024-25,1,4,0,0
2025-05-25,Man United,Aston Villa,2,0,H,0,0,D,25,6,10,1,2,2,0,1,2024-25,2,4,1,0
2025-05-25,Tottenham,Brighton,1,4,A,1,0,H,4,23,2,8,3,1,0,0,2024-25,5,4,0,1
2025-05-25,Ipswich,West Ham,1,3,A,0,1,A,14,10,4,6,1,1,0,0,2024-25,4,2,0,1
2025-05-25,Fulham,Man City,0,2,A,0,1,A,13,20,3,5,0,0,0,0,2024-25,2,0,0,0
2025-05-25,Bournemouth,Leicester,2,0,H,0,0,D,20,3,7,0,0,2,0,0,2024-25,2,2,0,0
2025-05-25,Liverpool,Crystal Palace,1,1,D,0,1,A,14,8,3,5,1,0,1,0,2024-25,2,1,1,0
2025-05-25,Wolves,Brentford,1,1,D,0,1,A,18,13,6,7,2,1,0,0,2024-25,2,3,0,0
2025-08-15,Liverpool,Bournemouth,4,2,H,1,0,H,19,10,10,3,1,2,0,0,2025-26,6,3,0,1
2025-08-16,Aston Villa,Newcastle,0,0,D,0,0,D,3,16,3,3,1,1,1,0,2025-26,0,2,1,0
2025-08-16,Brighton,Fulham,1,1,D,0,0,D,10,7,4,2,3,3,0,0,2025-26,2,6,0,0
2025-08-16,Sunderland,West Ham,3,0,H,0,0,D,10,12,5,4,0,1,0,0,2025-26,3,1,0,1
2025-08-16,Tottenham,Burnley,3,0,H,1,0,H,16,14,6,4,0,0,0,0,2025-26,3,0,0,1
2025-08-16,Wolves,Man City,0,4,A,0,2,A,9,15,3,4,1,2,0,0,2025-26,4,3,0,1
2025-08-17,Chelsea,Crystal Palace,0,0,D,0,0,D,19,12,3,4,2,3,0,0,2025-26,0,5,0,0
2025-08-17,Nott'm Forest,Brentford,3,1,H,3,0,H,11,10,5,3,1,2,0,0,2025-26,4,3,0,1
2025-08-17,Man United,Arsenal,0,1,A,0,1,A,22,9,7,3,1,4,0,0,2025-26,1,5,0,0
2025-08-18,Leeds,Everton,1,0,H,0,0,D,21,7,3,1,0,2,0,0,2025-26,1,2,0,0
2025-08-22,West Ham,Chelsea,1,5,A,1,3,A,12,12,4,7,0,1,0,0,2025-26,6,1,0,1
2025-08-23,Arsenal,Leeds,5,0,H,2,0,H,18,3,5,1,0,2,0,0,2025-26,5,2,0,1
2025-08-23,Burnley,Sunderland,2,0,H,0,0,D,7,9,2,1,0,1,0,0,2025-26,2,1,0,0
2025-08-23,Man City,Tottenham,0,2,A,0,2,A,10,12,4,5,1,4,0,0,2025-26,2,5,0,0
2025-08-23,Bournemouth,Wolves,1,0,H,1,0,H,14,6,4,1,2,4,0,1,2025-26,1,6,1,0
2025-08-23,Brentford,Aston Villa,1,0,H,1,0,H,9,17,2,2,1,2,0,0,2025-26,1,3,0,0
2025-08-24,Crystal Palace,Nott'm Forest,1,1,D,1,0,H,8,9,4,1,3,3,0,0,2025-26,2,6,0,0
2025-08-24,Everton,Brighton,2,0,H,1,0,H,11,13,3,4,4,3,0,0,2025-26,2,7,0,0
2025-08-24,Fulham,Man United,1,1,D,0,0,D,13,10,4,3,1,1,0,0,2025-26,2,2,0,0
2025-08-25,Newcastle,Liverpool,2,3,A,0,1,A,10,5,3,4,2,3,1,0,2025-26,5,5,1,1
2025-08-30,Wolves,Everton,2,3,A,1,2,A,12,10,4,4,0,1,0,0,2025-26,5,1,0,1
2025-08-30,Leeds,Newcastle,0,0,D,0,0,D,10,8,1,2,1,1,0,0,2025-26,0,2,0,0
2025-08-30,Tottenham,Bournemouth,0,1,A,0,1,A,5,20,1,6,2,4,0,0,2025-26,1,6,0,0
2025-08-30,Man United,Burnley,3,2,H,1,0,H,26,6,6,3,1,5,0,0,2025-26,5,6,0,1
2025-08-30,Chelsea,Fulham,2,0,H,1,0,H,13,11,6,3,2,2,0,0,2025-26,2,4,0,0
2025-08-30,Sunderland,Brentford,2,1,H,0,0,D,12,7,3,4,3,2,0,0,2025-26,3,5,0,1
2025-08-31,Brighton,Man City,2,1,H,0,1,A,12,12,7,3,2,2,0,0,2025-26,3,4,0,1
2025-08-31,Nott'm Forest,West Ham,0,3,A,0,0,D,11,12,3,8,0,0,0,0,2025-26,3,0,0,1
2025-08-31,Liverpool,Arsenal,1,0,H,0,0,D,9,11,3,1,2,2,0,0,2025-26,1,4,0,0
2025-08-31,Aston Villa,Crystal Palace,0,3,A,0,1,A,13,6,4,4,2,3,0,0,2025-26,3,5,0,1
2025-09-13,Everton,Aston Villa,0,0,D,0,0,D,20,7,2,1,3,3,0,0,2025-26,0,6,0,0
2025-09-13,Arsenal,Nott'm Forest,3,0,H,1,0,H,16,5,5,1,1,1,0,0,2025-26,3,2,0,1
2025-09-13,Bournemouth,Brighton,2,1,H,1,0,H,13,6,5,2,4,4,0,0,2025-26,3,8,0,1
2025-09-13,Crystal Palace,Sunderland,0,0,D,0,0,D,14,6,6,0,1,1,0,0,2025-26,0,2,0,0
2025-09-13,Fulham,Leeds,1,0,H,0,0,D,5,10,3,3,1,2,0,0,2025-26,1,3,0,0
2025-09-13,Newcastle,Wolves,1,0,H,1,0,H,16,8,4,3,1,4,0,0,2025-26,1,5,0,0
2025-09-13,West Ham,Tottenham,0,3,A,0,0,D,7,14,4,5,0,1,1,0,2025-26,3,1,1,1
2025-09-13,Brentford,Chelsea,2,2,D,1,0,H,7,16,4,6,3,2,0,0,2025-26,4,5,0,1
2025-09-14,Burnley,Liverpool,0,1,A,0,0,D,3,27,0,4,0,2,0,0,2025-26,1,2,0,0
2025-09-14,Man City,Man United,3,0,H,1,0,H,13,12,6,2,0,0,0,0,2025-26,3,0,0,1
2025-09-20,Man United,Chelsea,2,1,H,2,0,H,11,5,4,1,0,5,1,1,2025-26,3,5,2,1
2025-09-20,Fulham,Brentford,3,1,H,2,1,H,14,8,3,3,4,1,0,0,2025-26,4,5,0,1
2025-09-20,Wolves,Leeds,1,3,A,1,3,A,16,6,6,4,1,1,0,0,2025-26,4,2,0,1
2025-09-20,Liverpool,Everton,2,1,H,2,0,H,11,9,3,2,2,3,0,0,2025-26,3,5,0,1
2025-09-20,Burnley,Nott'm Forest,1,1,D,1,1,D,12,17,5,8,1,1,0,0,2025-26,2,2,0,0
2025-09-20,West Ham,Crystal Palace,1,2,A,0,1,A,8,18,3,3,3,3,0,0,2025-26,3,6,0,1
2025-09-20,Brighton,Tottenham,2,2,D,2,1,H,12,11,4,3,1,2,0,0,2025-26,4,3,0,1
2025-09-21,Bournemouth,Newcastle,0,0,D,0,0,D,11,4,2,1,2,1,0,0,2025-26,0,3,0,0
2025-09-21,Sunderland,Aston Villa,1,1,D,0,0,D,14,12,4,2,2,1,1,0,2025-26,2,3,1,0
2025-09-21,Arsenal,Man City,1,1,D,0,1,A,12,5,3,3,1,2,0,0,2025-26,2,3,0,0
2025-09-27,Man City,Burnley,5,1,H,1,1,D,21,9,8,2,1,3,0,0,2025-26,6,4,0,1
2025-09-27,Tottenham,Wolves,1,1,D,0,0,D,10,9,3,3,3,2,0,0,2025-26,2,5,0,0
2025-09-27,Nott'm Forest,Sunderland,0,1,A,0,1,A,22,11,6,3,4,2,0,0,2025-26,1,6,0,0
2025-09-27,Leeds,Bournemouth,2,2,D,1,1,D,19,12,8,5,2,2,0,0,2025-26,4,4,0,1
2025-09-27,Crystal Palace,Liverpool,2,1,H,1,0,H,16,20,7,4,1,3,0,0,2025-26,3,4,0,1
2025-09-27,Chelsea,Brighton,1,3,A,1,0,H,13,12,3,3,3,5,1,0,2025-26,4,8,1,1
2025-09-27,Brentford,Man United,3,1,H,2,1,H,10,14,8,6,2,2,0,0,2025-26,4,4,0,1
2025-09-28,Aston Villa,Fulham,3,1,H,1,1,D,9,11,4,4,1,4,0,0,2025-26,4,5,0,1
2025-09-28,Newcastle,Arsenal,1,2,A,1,0,H,8,20,3,7,2,1,0,0,2025-26,3,3,0,1
2025-09-29,Everton,West Ham,1,1,D,1,0,H,12,14,6,3,3,4,0,0,2025-26,2,7,0,0
2025-10-03,Bournemouth,Fulham,3,1,H,0,0,D,11,12,6,4,0,1,0,0,2025-26,4,1,0,1
2025-10-04,Man United,Sunderland,2,0,H,2,0,H,15,8,6,3,1,4,0,0,2025-26,2,5,0,0
2025-10-04,Chelsea,Liverpool,2,1,H,1,0,H,12,12,6,2,0,2,0,0,2025-26,3,2,0,1
2025-10-04,Arsenal,West Ham,2,0,H,1,0,H,21,4,5,0,0,2,0,0,2025-26,2,2,0,0
2025-10-04,Leeds,Tottenham,1,2,A,1,1,D,16,9,4,3,2,3,0,0,2025-26,3,5,0,1
2025-10-05,Aston Villa,Burnley,2,1,H,1,0,H,15,5,7,2,3,1,0,0,2025-26,3,4,0,1
2025-10-05,Everton,Crystal Palace,2,1,H,0,1,A,14,15,7,8,2,3,0,0,2025-26,3,5,0,1
2025-10-05,Newcastle,Nott'm Forest,2,0,H,0,0,D,18,5,9,4,0,4,0,0,2025-26,2,4,0,0
2025-10-05,Wolves,Brighton,1,1,D,1,0,H,6,17,3,6,2,4,0,0,2025-26,2,6,0,0
2025-10-05,Brentford,Man City,0,1,A,0,1,A,6,10,1,4,3,2,0,0,2025-26,1,5,0,0
2025-10-18,Burnley,Leeds,2,0,H,1,0,H,4,19,3,4,2,1,0,0,2025-26,2,3,0,0
2025-10-18,Nott'm Forest,Chelsea,0,3,A,0,0,D,12,17,2,6,2,2,0,1,2025-26,3,4,1,1
2025-10-18,Brighton,Newcastle,2,1,H,1,0,H,13,16,5,3,0,1,0,0,2025-26,3,1,0,1
2025-10-18,Crystal Palace,Bournemouth,3,3,D,0,2,A,20,8,7,5,1,4,0,0,2025-26,6,5,0,1
2025-10-18,Man City,Everton,2,0,H,0,0,D,19,5,7,1,0,2,0,0,2025-26,2,2,0,0
2025-10-18,Sunderland,Wolves,2,0,H,1,0,H,8,16,2,3,0,0,0,0,2025-26,2,0,0,0
2025-10-18,Fulham,Arsenal,0,1,A,0,0,D,9,16,0,5,0,0,0,0,2025-26,1,0,0,0
2025-10-19,Tottenham,Aston Villa,1,2,A,1,1,D,9,8,3,2,2,0,0,0,2025-26,3,2,0,1
2025-10-19,Liverpool,Man United,1,2,A,0,1,A,19,12,6,4,0,2,0,0,2025-26,3,2,0,1
2025-10-20,West Ham,Brentford,0,2,A,0,1,A,7,22,1,7,1,1,0,0,2025-26,2,2,0,0
2025-10-24,Leeds,West Ham,2,1,H,2,0,H,13,9,5,3,3,3,0,0,2025-26,3,6,0,1
2025-10-25,Man United,Brighton,4,2,H,2,0,H,13,17,9,5,2,2,0,0,2025-26,6,4,0,1
2025-10-25,Brentford,Liverpool,3,2,H,2,1,H,17,18,8,5,3,2,0,0,2025-26,5,5,0,1
2025-10-25,Chelsea,Sunderland,1,2,A,1,1,D,16,10,7,4,1,1,0,0,2025-26,3,2,0,1
2025-10-25,Newcastle,Fulham,2,1,H,1,0,H,18,12,7,5,0,2,0,0,2025-26,3,2,0,1
2025-10-26,Arsenal,Crystal Palace,1,0,H,1,0,H,10,7,3,1,0,0,0,0,2025-26,1,0,0,0
2025-10-26,Aston Villa,Man City,1,0,H,1,0,H,9,18,3,4,1,4,0,0,2025-26,1,5,0,0
2025-10-26,Bournemouth,Nott'm Forest,2,0,H,2,0,H,13,8,5,4,3,1,0,0,2025-26,2,4,0,0
2025-10-26,Wolves,Burnley,2,3,A,2,2,D,15,11,7,7,1,0,0,0,2025-26,5,1,0,1
2025-10-26,Everton,Tottenham,0,3,A,0,2,A,12,7,2,4,2,0,0,0,2025-26,3,2,0,1
2025-11-01,Liverpool,Aston Villa,2,0,H,1,0,H,16,10,4,3,2,3,0,0,2025-26,2,5,0,0
2025-11-01,Tottenham,Chelsea,0,1,A,0,1,A,3,15,1,9,4,2,0,0,2025-26,1,6,0,0
2025-11-01,Nott'm Forest,Man United,2,2,D,0,1,A,17,18,3,7,1,1,0,0,2025-26,4,2,0,1
2025-11-01,Crystal Palace,Brentford,2,0,H,1,0,H,9,6,2,2,0,3,0,0,2025-26,2,3,0,0
2025-11-01,Burnley,Arsenal,0,2,A,0,2,A,3,12,0,8,2,1,0,0,2025-26,2,3,0,0
2025-11-01,Brighton,Leeds,3,0,H,1,0,H,14,5,7,2,0,1,0,0,2025-26,3,1,0,1
2025-11-01,Fulham,Wolves,3,0,H,1,0,H,19,5,6,2,1,3,0,1,2025-26,3,4,1,1
2025-11-02,West Ham,Newcastle,3,1,H,2,1,H,15,12,9,4,1,2,0,0,2025-26,4,3,0,1
2025-11-02,Man City,Bournemouth,3,1,H,2,1,H,15,8,8,5,2,2,0,0,2025-26,4,4,0,1
2025-11-03,Sunderland,Everton,1,1,D,0,1,A,17,8,3,2,3,2,0,0,2025-26,2,5,0,0
2025-11-08,Sunderland,Arsenal,2,2,D,1,0,H,6,17,2,7,2,1,0,0,2025-26,4,3,0,1
2025-11-08,West Ham,Burnley,3,2,H,1,1,D,15,16,6,7,2,2,0,0,2025-26,5,4,0,1
2025-11-08,Chelsea,Wolves,3,0,H,0,0,D,20,3,8,0,1,2,0,0,2025-26,3,3,0,1
2025-11-08,Tottenham,Man United,2,2,D,0,1,A,10,5,4,2,5,1,0,0,2025-26,4,6,0,1
2025-11-08,Everton,Fulham,2,0,H,1,0,H,14,8,5,4,2,2,0,0,2025-26,2,4,0,0
2025-11-09,Aston Villa,Bournemouth,4,0,H,2,0,H,16,13,8,4,2,2,0,0,2025-26,4,4,0,1
2025-11-09,Brentford,Newcastle,3,1,H,0,1,A,15,5,7,1,2,1,0,0,2025-26,4,3,0,1
2025-11-09,Crystal Palace,Brighton,0,0,D,0,0,D,10,7,2,3,1,4,0,0,2025-26,0,5,0,0
2025-11-09,Nott'm Forest,Leeds,3,1,H,1,1,D,14,10,6,3,2,1,0,0,2025-26,4,3,0,1
2025-11-09,Man City,Liverpool,3,0,H,2,0,H,14,7,6,1,2,4,0,0,2025-26,3,6,0,1
2025-11-22,Newcastle,Man City,2,1,H,0,0,D,9,17,5,4,1,3,0,0,2025-26,3,4,0,1
2025-11-22,Wolves,Crystal Palace,0,2,A,0,0,D,8,10,1,4,2,3,0,0,2025-26,2,5,0,0
2025-11-22,Fulham,Sunderland,1,0,H,0,0,D,24,4,6,2,3,3,0,0,2025-26,1,6,0,0
2025-11-22,Liverpool,Nott'm Forest,0,3,A,0,1,A,21,15,4,7,2,0,0,0,2025-26,3,2,0,1
2025-11-22,Bournemouth,West Ham,2,2,D,0,2,A,28,5,10,2,3,2,0,0,2025-26,4,5,0,1
2025-11-22,Burnley,Chelsea,0,2,A,0,1,A,8,15,2,5,2,3,0,0,2025-26,2,5,0,0
2025-11-22,Brighton,Brentford,2,1,H,0,1,A,14,10,5,4,4,2,0,0,2025-26,3,6,0,1
2025-11-23,Leeds,Aston Villa,1,2,A,1,0,H,14,14,5,3,5,1,0,0,2025-26,3,6,0,1
2025-11-23,Arsenal,Tottenham,4,1,H,2,0,H,17,3,8,2,1,3,0,0,2025-26,5,4,0,1
2025-11-24,Man United,Everton,0,1,A,0,1,A,25,3,6,1,2,0,0,1,2025-26,1,2,1,0
2025-11-29,Brentford,Burnley,3,1,H,0,0,D,14,6,4,2,0,2,0,0,2025-26,4,2,0,1
2025-11-29,Man City,Leeds,3,2,H,2,0,H,18,9,9,4,4,1,0,0,2025-26,5,5,0,1
2025-11-29,Sunderland,Bournemouth,3,2,H,1,2,A,12,18,6,6,5,5,0,1,2025-26,5,10,1,1
2025-11-29,Everton,Newcastle,1,4,A,0,3,A,10,13,2,8,0,0,0,0,2025-26,5,0,0,1
2025-11-29,Tottenham,Fulham,1,2,A,0,2,A,14,7,2,3,3,2,0,0,2025-26,3,5,0,1
2025-11-30,Chelsea,Arsenal,1,1,D,0,0,D,11,8,4,4,1,6,1,0,2025-26,2,7,1,0
2025-11-30,West Ham,Liverpool,0,2,A,0,0,D,7,9,0,5,1,0,1,0,2025-26,2,1,1,0
2025-11-30,Crystal Palace,Man United,1,2,A,1,0,H,14,14,3,6,3,2,0,0,2025-26,3,5,0,1
2025-11-30,Aston Villa,Wolves,1,0,H,0,0,D,16,9,6,4,0,4,0,0,2025-26,1,4,0,0
2025-11-30,Nott'm Forest,Brighton,0,2,A,0,1,A,19,17,3,6,0,1,0,0,2025-26,2,1,0,0
2025-12-02,Bournemouth,Everton,0,1,A,0,0,D,5,13,2,3,3,3,0,0,2025-26,1,6,0,0
2025-12-02,Fulham,Man City,4,5,A,1,3,A,12,11,6,4,0,1,0,0,2025-26,9,1,0,1
2025-12-02,Newcastle,Tottenham,2,2,D,0,0,D,19,8,7,2,0,3,0,0,2025-26,4,3,0,1
2025-12-03,Liverpool,Sunderland,1,1,D,0,0,D,23,9,4,6,1,1,0,0,2025-26,2,2,0,0
2025-12-03,Wolves,Nott'm Forest,0,1,A,0,0,D,5,10,1,3,2,2,0,0,2025-26,1,4,0,0
2025-12-03,Leeds,Chelsea,3,1,H,2,0,H,17,14,5,2,1,1,0,0,2025-26,4,2,0,1
2025-12-03,Brighton,Aston Villa,3,4,A,2,2,D,16,14,7,10,2,2,0,0,2025-26,7,4,0,1
2025-12-03,Arsenal,Brentford,2,0,H,1,0,H,15,6,7,1,0,1,0,0,2025-26,2,1,0,0
2025-12-03,Burnley,Crystal Palace,0,1,A,0,1,A,11,3,4,3,0,0,0,0,2025-26,1,0,0,0
2025-12-04,Man United,West Ham,1,1,D,0,0,D,17,11,4,3,2,2,0,0,2025-26,2,4,0,0
2025-12-06,Tottenham,Brentford,2,0,H,2,0,H,15,4,7,1,3,4,0,0,2025-26,2,7,0,0
2025-12-06,Aston Villa,Arsenal,2,1,H,1,0,H,15,15,6,9,0,2,0,0,2025-26,3,2,0,1
2025-12-06,Bournemouth,Chelsea,0,0,D,0,0,D,13,11,5,4,0,2,0,0,2025-26,0,2,0,0
2025-12-06,Everton,Nott'm Forest,3,0,H,2,0,H,11,7,5,3,4,3,0,0,2025-26,3,7,0,1
2025-12-06,Man City,Sunderland,3,0,H,2,0,H,18,8,6,1,1,0,0,1,2025-26,3,1,1,1
2025-12-06,Newcastle,Burnley,2,1,H,2,0,H,17,9,7,3,2,2,0,1,2025-26,3,4,1,1
2025-12-06,Leeds,Liverpool,3,3,D,0,0,D,12,16,5,7,3,3,0,0,2025-26,6,6,0,1
2025-12-07,Fulham,Crystal Palace,1,2,A,1,1,D,12,11,4,5,0,0,0,0,2025-26,3,0,0,1
2025-12-07,Brighton,West Ham,1,1,D,0,0,D,22,14,4,5,2,2,0,0,2025-26,2,4,0,0
2025-12-08,Wolves,Man United,1,4,A,1,1,D,8,27,2,10,3,2,0,0,2025-26,5,5,0,1
2025-12-13,Chelsea,Everton,2,0,H,2,0,H,17,11,5,2,1,0,0,0,2025-26,2,1,0,0
2025-12-13,Liverpool,Brighton,2,0,H,1,0,H,18,14,4,1,1,2,0,0,2025-26,2,3,0,0
2025-12-13,Burnley,Fulham,2,3,A,1,2,A,16,6,8,4,1,2,0,0,2025-26,5,3,0,1
2025-12-13,Arsenal,Wolves,2,1,H,0,0,D,16,3,2,2,0,4,0,0,2025-26,3,4,0,1
2025-12-14,Brentford,Leeds,1,1,D,0,0,D,7,18,2,4,0,0,0,0,2025-26,2,0,0,0
2025-12-14,Crystal Palace,Man City,0,3,A,0,1,A,16,7,4,6,2,0,0,0,2025-26,3,2,0,1
2025-12-14,Nott'm Forest,Tottenham,3,0,H,1,0,H,15,6,6,1,1,3,0,0,2025-26,3,4,0,1
2025-12-14,Sunderland,Newcastle,1,0,H,0,0,D,5,6,1,2,5,4,0,0,2025-26,1,9,0,0
2025-12-14,West Ham,Aston Villa,2,3,A,2,1,H,10,7,3,4,1,2,0,0,2025-26,5,3,0,1
2025-12-15,Man United,Bournemouth,4,4,D,2,1,H,25,14,9,9,2,3,0,0,2025-26,8,5,0,1
2025-12-20,Everton,Arsenal,0,1,A,0,1,A,5,13,1,2,2,2,0,0,2025-26,1,4,0,0
2025-12-20,Tottenham,Liverpool,1,2,A,0,0,D,15,8,4,4,3,3,2,0,2025-26,3,6,2,1
2025-12-20,Wolves,Brentford,0,2,A,0,0,D,9,7,2,6,2,4,0,0,2025-26,2,6,0,0
2025-12-20,Leeds,Crystal Palace,4,1,H,2,0,H,20,9,8,3,1,3,0,0,2025-26,5,4,0,1
2025-12-20,Brighton,Sunderland,0,0,D,0,0,D,16,14,4,6,2,2,0,0,2025-26,0,4,0,0
2025-12-20,Bournemouth,Burnley,1,1,D,0,0,D,16,4,1,1,1,1,0,0,2025-26,2,2,0,0
2025-12-20,Newcastle,Chelsea,2,2,D,2,0,H,11,13,5,4,3,6,0,0,2025-26,4,9,0,1
2025-12-20,Man City,West Ham,3,0,H,2,0,H,17,7,8,3,1,1,0,0,2025-26,3,2,0,1
2025-12-21,Aston Villa,Man United,2,1,H,1,1,D,12,15,4,6,1,2,0,0,2025-26,3,3,0,1
2025-12-22,Fulham,Nott'm Forest,1,0,H,1,0,H,11,12,1,2,5,4,0,0,2025-26,1,9,0,0
2025-12-26,Man United,Newcastle,1,0,H,1,0,H,10,16,4,3,2,1,0,0,2025-26,1,3,0,0
2025-12-27,Nott'm Forest,Man City,1,2,A,0,0,D,7,16,2,5,1,2,0,0,2025-26,3,3,0,1
2025-12-27,Arsenal,Brighton,2,1,H,1,0,H,24,8,6,3,2,3,0,0,2025-26,3,5,0,1
2025-12-27,Brentford,Bournemouth,4,1,H,2,0,H,15,20,7,10,2,2,0,0,2025-26,5,4,0,1
2025-12-27,Burnley,Everton,0,0,D,0,0,D,16,15,0,6,0,2,0,0,2025-26,0,2,0,0
2025-12-27,Liverpool,Wolves,2,1,H,2,0,H,14,9,4,4,0,1,0,0,2025-26,3,1,0,1
2025-12-27,West Ham,Fulham,0,1,A,0,0,D,11,15,2,4,1,3,0,0,2025-26,1,4,0,0
2025-12-27,Chelsea,Aston Villa,1,2,A,1,0,H,14,11,3,8,5,3,0,0,2025-26,3,8,0,1
2025-12-28,Sunderland,Leeds,1,1,D,1,0,H,8,17,3,6,1,0,0,0,2025-26,2,1,0,0
2025-12-28,Crystal Palace,Tottenham,0,1,A,0,1,A,15,8,2,4,3,2,0,0,2025-26,1,5,0,0
2025-12-30,Man United,Wolves,1,1,D,1,1,D,15,11,6,4,0,2,0,0,2025-26,2,2,0,0
2025-12-30,Arsenal,Aston Villa,4,1,H,0,0,D,22,11,7,3,2,3,0,0,2025-26,5,5,0,1
2025-12-30,West Ham,Brighton,2,2,D,2,1,H,10,16,4,6,3,5,0,0,2025-26,4,8,0,1
2025-12-30,Burnley,Newcastle,1,3,A,1,2,A,15,20,4,9,2,1,0,0,2025-26,4,3,0,1
2025-12-30,Chelsea,Bournemouth,2,2,D,2,2,D,17,17,3,6,1,1,0,0,2025-26,4,2,0,1
2025-12-30,Nott'm Forest,Everton,0,2,A,0,1,A,21,11,6,3,1,0,0,0,2025-26,2,1,0,0
2026-01-01,Crystal Palace,Fulham,1,1,D,1,0,H,11,17,2,5,0,5,0,0,2025-26,2,5,0,0
2026-01-01,Liverpool,Leeds,0,0,D,0,0,D,19,4,4,2,0,2,0,0,2025-26,0,2,0,0
2026-01-01,Brentford,Tottenham,0,0,D,0,0,D,7,9,2,3,1,2,0,0,2025-26,0,3,0,0
2026-01-01,Sunderland,Man City,0,0,D,0,0,D,10,14,4,4,1,1,0,0,2025-26,0,2,0,0
2026-01-03,Bournemouth,Arsenal,2,3,A,1,1,D,15,12,3,5,3,1,0,0,2025-26,5,4,0,1
2026-01-03,Wolves,West Ham,3,0,H,3,0,H,11,6,8,0,1,0,0,0,2025-26,3,1,0,1
2026-01-03,Brighton,Burnley,2,0,H,1,0,H,15,5,4,3,0,4,0,0,2025-26,2,4,0,0
2026-01-03,Aston Villa,Nott'm Forest,3,1,H,1,0,H,11,10,4,5,1,2,0,0,2025-26,4,3,0,1
2026-01-04,Leeds,Man United,1,1,D,0,0,D,11,15,3,2,0,1,0,0,2025-26,2,1,0,0
2026-01-04,Everton,Brentford,2,4,A,0,1,A,14,11,6,7,0,2,0,0,2025-26,6,2,0,1
2026-01-04,Newcastle,Crystal Palace,2,0,H,0,0,D,12,11,7,1,1,3,0,0,2025-26,2,4,0,0
2026-01-04,Tottenham,Sunderland,1,1,D,1,0,H,13,10,5,3,2,3,0,0,2025-26,2,5,0,0
2026-01-04,Fulham,Liverpool,2,2,D,1,0,H,8,10,2,2,1,1,0,0,2025-26,4,2,0,1
2026-01-04,Man City,Chelsea,1,1,D,1,0,H,14,8,3,3,3,3,0,0,2025-26,2,6,0,0
2026-01-06,West Ham,Nott'm Forest,1,2,A,1,0,H,14,13,3,5,3,0,0,0,2025-26,3,3,0,1
2026-01-07,Newcastle,Leeds,4,3,H,1,2,A,18,14,8,6,3,2,0,0,2025-26,7,5,0,1
2026-01-07,Burnley,Man United,2,2,D,1,0,H,7,30,1,10,2,0,0,0,2025-26,4,2,0,1
2026-01-07,Man City,Brighton,1,1,D,1,0,H,22,6,6,3,1,6,0,0,2025-26,2,7,0,0
2026-01-07,Fulham,Chelsea,2,1,H,0,0,D,16,14,5,6,3,3,0,1,2025-26,3,6,1,1
2026-01-07,Brentford,Sunderland,3,0,H,1,0,H,18,11,6,3,2,1,0,0,2025-26,3,3,0,1
2026-01-07,Crystal Palace,Aston Villa,0,0,D,0,0,D,11,15,5,3,2,0,0,0,2025-26,0,2,0,0
2026-01-07,Bournemouth,Tottenham,3,2,H,2,1,H,11,16,3,4,3,3,0,0,2025-26,5,6,0,1
2026-01-07,Everton,Wolves,1,1,D,1,0,H,13,13,2,4,1,3,2,0,2025-26,2,4,2,0
2026-01-08,Arsenal,Liverpool,0,0,D,0,0,D,9,8,4,0,2,2,0,0,2025-26,0,4,0,0
2026-01-17,Tottenham,West Ham,1,2,A,0,1,A,21,17,6,4,5,3,0,0,2025-26,3,8,0,1
2026-01-17,Nott'm Forest,Arsenal,0,0,D,0,0,D,6,15,0,3,1,1,0,0,2025-26,0,2,0,0
2026-01-17,Sunderland,Crystal Palace,2,1,H,1,1,D,13,6,7,2,3,3,0,0,2025-26,3,6,0,1
2026-01-17,Leeds,Fulham,1,0,H,0,0,D,14,8,5,1,1,5,0,0,2025-26,1,6,0,0
2026-01-17,Chelsea,Brentford,2,0,H,1,0,H,6,15,2,5,3,2,0,0,2025-26,2,5,0,0
2026-01-17,Man United,Man City,2,0,H,0,0,D,11,7,7,1,2,3,0,0,2025-26,2,5,0,0
2026-01-17,Liverpool,Burnley,1,1,D,1,0,H,32,7,11,1,1,2,0,0,2025-26,2,3,0,0
2026-01-18,Wolves,Newcastle,0,0,D,0,0,D,6,12,2,2,2,2,0,0,2025-26,0,4,0,0
2026-01-18,Aston Villa,Everton,0,1,A,0,0,D,18,9,5,3,1,2,0,0,2025-26,1,3,0,0
2026-01-19,Brighton,Bournemouth,1,1,D,0,1,A,17,11,5,2,2,3,0,0,2025-26,2,5,0,0
2026-01-24,Fulham,Brighton,2,1,H,0,1,A,12,13,4,5,1,1,0,0,2025-26,3,2,0,1
2026-01-24,West Ham,Sunderland,3,1,H,3,0,H,13,7,5,2,2,4,0,0,2025-26,4,6,0,1
2026-01-24,Burnley,Tottenham,2,2,D,1,1,D,9,18,4,11,1,0,0,0,2025-26,4,1,0,1
2026-01-24,Man City,Wolves,2,0,H,2,0,H,11,11,4,1,1,3,0,0,2025-26,2,4,0,0
2026-01-24,Bournemouth,Liverpool,3,2,H,2,1,H,12,14,5,4,1,1,0,0,2025-26,5,2,0,1
2026-01-25,Brentford,Nott'm Forest,0,2,A,0,1,A,10,7,1,2,1,0,0,0,2025-26,2,1,0,0
2026-01-25,Crystal Palace,Chelsea,1,3,A,0,1,A,13,10,7,6,2,2,1,0,2025-26,4,4,1,1
2026-01-25,Newcastle,Aston Villa,0,2,A,0,1,A,15,14,4,8,1,2,0,0,2025-26,2,3,0,0
2026-01-25,Arsenal,Man United,2,3,A,1,1,D,15,10,4,3,2,0,0,0,2025-26,5,2,0,1
2026-01-26,Everton,Leeds,1,1,D,0,1,A,10,14,3,4,0,3,0,0,2025-26,2,3,0,0
2026-01-31,Liverpool,Newcastle,4,1,H,2,1,H,17,8,7,2,1,3,0,0,2025-26,5,4,0,1
2026-01-31,Wolves,Bournemouth,0,2,A,0,1,A,17,9,7,4,3,3,0,0,2025-26,2,6,0,0
2026-01-31,Chelsea,West Ham,3,2,H,0,2,A,14,11,6,6,3,2,0,1,2025-26,5,5,1,1
2026-01-31,Brighton,Everton,1,1,D,0,0,D,11,7,2,4,1,2,0,0,2025-26,2,3,0,0
2026-01-31,Leeds,Arsenal,0,4,A,0,2,A,3,14,1,8,1,1,0,0,2025-26,4,2,0,1
2026-02-01,Aston Villa,Brentford,0,1,A,0,1,A,27,6,5,2,0,3,0,0,2025-26,1,3,0,0
2026-02-01,Man United,Fulham,3,2,H,1,0,H,13,14,6,6,2,1,0,0,2025-26,5,3,0,1
2026-02-01,Nott'm Forest,Crystal Palace,1,1,D,1,1,D,9,14,1,3,1,3,0,0,2025-26,2,4,0,0
2026-02-01,Tottenham,Man City,2,2,D,0,2,A,12,15,6,3,3,3,0,0,2025-26,4,6,0,1
2026-02-02,Sunderland,Burnley,3,0,H,2,0,H,14,5,5,0,1,4,0,0,2025-26,3,5,0,1
2026-02-06,Leeds,Nott'm Forest,3,1,H,2,0,H,14,16,5,6,1,1,0,0,2025-26,4,2,0,1
2026-02-07,Bournemouth,Aston Villa,1,1,D,0,1,A,20,7,9,4,1,1,0,0,2025-26,2,2,0,0
2026-02-07,Newcastle,Brentford,2,3,A,1,2,A,16,11,4,5,2,2,0,0,2025-26,5,4,0,1
2026-02-07,Wolves,Chelsea,1,3,A,0,3,A,11,15,3,6,1,1,0,0,2025-26,4,2,0,1
2026-02-07,Fulham,Everton,1,2,A,1,0,H,13,16,3,3,1,5,0,0,2025-26,3,6,0,1
2026-02-07,Man United,Tottenham,2,0,H,1,0,H,23,7,10,1,1,2,0,1,2025-26,2,3,1,0
2026-02-07,Arsenal,Sunderland,3,0,H,1,0,H,16,5,5,3,1,2,0,0,2025-26,3,3,0,1
2026-02-07,Burnley,West Ham,0,2,A,0,2,A,18,6,5,4,3,1,0,0,2025-26,2,4,0,0
2026-02-08,Liverpool,Man City,1,2,A,0,0,D,15,17,4,7,2,4,1,0,2025-26,3,6,1,1
2026-02-08,Brighton,Crystal Palace,0,1,A,0,0,D,7,7,2,4,1,3,0,0,2025-26,1,4,0,0
2026-02-10,Everton,Bournemouth,1,2,A,1,0,H,16,11,6,4,1,3,1,0,2025-26,3,4,1,1
2026-02-10,Tottenham,Newcastle,1,2,A,0,1,A,16,21,2,5,3,2,0,0,2025-26,3,5,0,1
2026-02-10,Chelsea,Leeds,2,2,D,1,0,H,19,4,4,2,4,4,0,0,2025-26,4,8,0,1
2026-02-10,West Ham,Man United,1,1,D,0,0,D,7,9,3,3,1,1,0,0,2025-26,2,2,0,0
2026-02-11,Sunderland,Liverpool,0,1,A,0,0,D,11,23,2,3,1,0,0,0,2025-26,1,1,0,0
2026-02-11,Nott'm Forest,Wolves,0,0,D,0,0,D,35,7,10,3,0,2,0,0,2025-26,0,2,0,0
2026-02-11,Aston Villa,Brighton,1,0,H,0,0,D,15,9,1,3,2,3,0,0,2025-26,1,5,0,0
2026-02-11,Crystal Palace,Burnley,2,3,A,2,3,A,21,8,3,3,2,1,0,0,2025-26,5,3,0,1
2026-02-11,Man City,Fulham,3,0,H,3,0,H,13,14,5,3,3,1,0,0,2025-26,3,4,0,1
2026-02-12,Brentford,Arsenal,1,1,D,0,0,D,12,7,3,2,3,2,0,0,2025-26,2,5,0,0
2026-02-18,Wolves,Arsenal,2,2,D,0,1,A,5,10,2,4,2,1,0,0,2025-26,4,3,0,1
2026-02-21,Aston Villa,Leeds,1,1,D,0,1,A,16,14,4,4,1,4,0,0,2025-26,2,5,0,0
2026-02-21,Brentford,Brighton,0,2,A,0,2,A,13,11,3,7,1,2,0,0,2025-26,2,3,0,0
2026-02-21,Chelsea,Burnley,1,1,D,1,0,H,12,12,2,4,2,2,1,0,2025-26,2,4,1,0
2026-02-21,West Ham,Bournemouth,0,0,D,0,0,D,20,10,3,5,1,1,0,0,2025-26,0,2,0,0
2026-02-21,Man City,Newcastle,2,1,H,2,1,H,15,13,7,7,2,5,0,0,2025-26,3,7,0,1
2026-02-22,Tottenham,Arsenal,1,4,A,1,1,D,6,20,5,7,2,1,0,0,2025-26,5,3,0,1
2026-02-22,Sunderland,Fulham,1,3,A,0,0,D,12,12,2,4,1,1,0,0,2025-26,4,2,0,1
2026-02-22,Crystal Palace,Wolves,1,0,H,0,0,D,14,12,3,7,5,1,0,1,2025-26,1,6,1,0
2026-02-22,Nott'm Forest,Liverpool,0,1,A,0,0,D,18,10,2,4,2,0,0,0,2025-26,1,2,0,0
2026-02-23,Everton,Man United,0,1,A,0,0,D,12,11,4,3,2,3,0,0,2025-26,1,5,0,0
2026-02-27,Wolves,Aston Villa,2,0,H,0,0,D,9,14,2,5,3,3,0,0,2025-26,2,6,0,0
2026-02-28,Bournemouth,Sunderland,1,1,D,0,1,A,21,8,5,4,4,2,0,0,2025-26,2,6,0,0
2026-02-28,Burnley,Brentford,3,4,A,1,3,A,12,16,3,7,2,2,0,0,2025-26,7,4,0,1
2026-02-28,Liverpool,West Ham,5,2,H,3,0,H,18,11,7,4,2,2,0,0,2025-26,7,4,0,1
2026-02-28,Newcastle,Everton,2,3,A,1,2,A,17,9,7,5,2,3,0,0,2025-26,5,5,0,1
2026-02-28,Leeds,Man City,0,1,A,0,1,A,14,14,2,5,0,3,0,0,2025-26,1,3,0,0
2026-03-01,Arsenal,Chelsea,2,1,H,1,1,D,12,9,5,3,1,3,0,1,2025-26,3,4,1,1
2026-03-01,Man United,Crystal Palace,2,1,H,0,1,A,20,8,11,3,2,2,0,1,2025-26,3,4,1,1
2026-03-01,Fulham,Tottenham,2,1,H,2,0,H,18,13,4,1,3,3,0,0,2025-26,3,6,0,1
2026-03-01,Brighton,Nott'm Forest,2,1,H,2,1,H,14,13,7,4,3,1,0,0,2025-26,3,4,0,1
2026-03-03,Bournemouth,Brentford,0,0,D,0,0,D,13,5,2,2,2,1,0,0,2025-26,0,3,0,0
2026-03-03,Everton,Burnley,2,0,H,1,0,H,14,5,5,2,0,1,0,0,2025-26,2,1,0,0
2026-03-03,Leeds,Sunderland,0,1,A,0,0,D,18,3,4,1,1,3,0,0,2025-26,1,4,0,0
2026-03-03,Wolves,Liverpool,2,1,H,0,0,D,4,19,3,7,2,1,0,0,2025-26,3,3,0,1
2026-03-04,Newcastle,Man United,2,1,H,1,1,D,12,14,5,5,2,3,1,0,2025-26,3,5,1,1
2026-03-04,Fulham,West Ham,0,1,A,0,0,D,13,9,5,3,2,4,0,0,2025-26,1,6,0,0
2026-03-04,Man City,Nott'm Forest,2,2,D,1,0,H,21,9,7,4,0,4,0,0,2025-26,4,4,0,1
2026-03-04,Aston Villa,Chelsea,1,4,A,1,2,A,9,15,4,8,3,2,0,0,2025-26,5,5,0,1
2026-03-04,Brighton,Arsenal,0,1,A,0,1,A,11,7,3,2,4,1,0,0,2025-26,1,5,0,0
2026-03-05,Tottenham,Crystal Palace,1,3,A,1,3,A,12,9,4,4,3,2,0,0,2025-26,4,5,0,1
2026-03-14,Burnley,Bournemouth,0,0,D,0,0,D,15,22,2,3,1,0,0,0,2025-26,0,1,0,0
2026-03-14,Sunderland,Brighton,0,1,A,0,0,D,14,12,4,4,1,2,0,0,2025-26,1,3,0,0
2026-03-14,Arsenal,Everton,2,0,H,0,0,D,25,9,7,3,0,0,0,0,2025-26,2,0,0,0
2026-03-14,Chelsea,Newcastle,0,1,A,0,1,A,22,7,3,5,2,2,0,0,2025-26,1,4,0,0
2026-03-14,West Ham,Man City,1,1,D,1,1,D,1,24,1,6,2,2,0,0,2025-26,2,4,0,0
2026-03-15,Liverpool,Tottenham,1,1,D,1,0,H,17,13,4,7,0,0,0,0,2025-26,2,0,0,0
2026-03-15,Nott'm Forest,Fulham,0,0,D,0,0,D,11,5,2,0,2,3,0,0,2025-26,0,5,0,0
2026-03-15,Man United,Aston Villa,3,1,H,0,0,D,16,9,6,2,3,2,0,0,2025-26,4,5,0,1
2026-03-15,Crystal Palace,Leeds,0,0,D,0,0,D,12,10,0,3,2,1,0,1,2025-26,0,3,1,0
2026-03-16,Brentford,Wolves,2,2,D,2,1,H,10,13,3,4,2,4,0,0,2025-26,4,6,0,1
2026-03-20,Bournemouth,Man United,2,2,D,0,0,D,16,14,5,5,2,2,0,1,2025-26,4,4,1,1
2026-03-21,Brighton,Liverpool,2,1,H,1,1,D,16,12,7,5,5,5,0,0,2025-26,3,10,0,1
2026-03-21,Fulham,Burnley,3,1,H,0,0,D,22,9,6,5,2,2,0,1,2025-26,4,4,1,1
2026-03-21,Everton,Chelsea,3,0,H,1,0,H,10,12,9,4,0,2,0,0,2025-26,3,2,0,1
2026-03-21,Leeds,Brentford,0,0,D,0,0,D,14,6,4,2,2,0,0,0,2025-26,0,2,0,0
2026-03-22,Tottenham,Nott'm Forest,0,3,A,0,1,A,14,8,3,7,1,2,0,0,2025-26,3,3,0,1
2026-03-22,Newcastle,Sunderland,1,2,A,1,0,H,16,17,4,7,1,6,0,0,2025-26,3,7,0,1
2026-03-22,Aston Villa,West Ham,2,0,H,1,0,H,23,9,7,1,0,1,0,0,2025-26,2,1,0,0
2026-04-10,West Ham,Wolves,4,0,H,1,0,H,18,14,7,3,2,2,0,0,2025-26,4,4,0,1
2026-04-11,Arsenal,Bournemouth,1,2,A,1,1,D,15,8,3,3,1,3,0,0,2025-26,3,4,0,1
2026-04-11,Brentford,Everton,2,2,D,1,1,D,17,14,4,7,0,2,0,0,2025-26,4,2,0,1
2026-04-11,Burnley,Brighton,0,2,A,0,1,A,10,13,5,6,2,1,0,0,2025-26,2,3,0,0
2026-04-11,Liverpool,Fulham,2,0,H,2,0,H,18,19,5,4,0,0,0,0,2025-26,2,0,0,0
2026-04-12,Nott'm Forest,Aston Villa,1,1,D,1,1,D,15,12,4,5,2,2,0,0,2025-26,2,4,0,0
2026-04-12,Sunderland,Tottenham,1,0,H,0,0,D,13,11,2,7,3,3,0,0,2025-26,1,6,0,0
2026-04-12,Crystal Palace,Newcastle,2,1,H,0,1,A,11,7,5,3,0,3,0,0,2025-26,3,3,0,1
2026-04-12,Chelsea,Man City,0,3,A,0,0,D,12,18,3,8,3,1,0,0,2025-26,3,4,0,1
2026-04-13,Man United,Leeds,1,2,A,0,2,A,20,15,9,6,3,2,1,0,2025-26,3,5,1,1
2026-04-18,Brentford,Fulham,0,0,D,0,0,D,13,11,4,0,0,1,0,0,2025-26,0,1,0,0
2026-04-18,Leeds,Wolves,3,0,H,2,0,H,17,7,6,2,2,1,0,0,2025-26,3,3,0,1
2026-04-18,Newcastle,Bournemouth,1,2,A,0,1,A,12,12,3,3,2,4,0,0,2025-26,3,6,0,1
2026-04-18,Tottenham,Brighton,2,2,D,1,1,D,13,10,6,3,3,1,0,0,2025-26,4,4,0,1
2026-04-18,Chelsea,Man United,0,1,A,0,1,A,21,4,3,1,1,3,0,0,2025-26,1,4,0,0
2026-04-19,Aston Villa,Sunderland,4,3,H,2,1,H,15,10,7,7,1,3,0,0,2025-26,7,4,0,1
2026-04-19,Everton,Liverpool,1,2,A,0,1,A,10,14,4,6,2,0,0,0,2025-26,3,2,0,1
2026-04-19,Nott'm Forest,Burnley,4,1,H,0,1,A,10,4,4,3,0,2,0,0,2025-26,5,2,0,1
2026-04-19,Man City,Arsenal,2,1,H,1,1,D,15,9,5,3,2,2,0,0,2025-26,3,4,0,1
2026-04-20,Crystal Palace,West Ham,0,0,D,0,0,D,9,9,1,4,2,1,0,0,2025-26,0,3,0,0
2026-04-21,Brighton,Chelsea,3,0,H,1,0,H,15,6,9,0,1,1,0,0,2025-26,3,2,0,1
2026-04-22,Bournemouth,Leeds,2,2,D,0,0,D,17,10,7,3,3,0,0,0,2025-26,4,3,0,1
2026-04-22,Burnley,Man City,0,1,A,0,1,A,9,28,1,9,0,0,0,0,2025-26,1,0,0,0
2026-04-24,Sunderland,Nott'm Forest,0,5,A,0,4,A,14,10,4,6,2,5,0,0,2025-26,5,7,0,1
2026-04-25,Wolves,Tottenham,0,1,A,0,0,D,11,11,2,2,3,4,0,0,2025-26,1,7,0,0
2026-04-25,West Ham,Everton,2,1,H,0,0,D,10,11,3,3,3,4,0,0,2025-26,3,7,0,1
2026-04-25,Arsenal,Newcastle,1,0,H,1,0,H,11,13,4,3,2,2,0,0,2025-26,1,4,0,0
2026-04-25,Fulham,Aston Villa,1,0,H,1,0,H,13,10,6,1,2,2,0,0,2025-26,1,4,0,0
2026-04-25,Liverpool,Crystal Palace,3,1,H,2,0,H,9,14,3,7,1,3,0,0,2025-26,4,4,0,1
2026-04-27,Man United,Brentford,2,1,H,2,0,H,11,12,6,4,2,4,0,0,2025-26,3,6,0,1
